{
  "model": "o4-mini-2025-04-16",
  "reasoningLog": null,
  "hasReasoningLog": false,
  "temperature": 0.2,
  "reasoningEffort": null,
  "reasoningVerbosity": null,
  "reasoningSummaryType": null,
  "inputTokens": 1910,
  "outputTokens": 5101,
  "reasoningTokens": 4544,
  "totalTokens": 11555,
  "estimatedCost": 0.0245454,
  "status": "completed",
  "incomplete": false,
  "reasoningItems": [
    "Observing each training output is 3×3 tiling of the input within a 3×3 block grid.",
    "Noting blocks appear only where the corresponding input cell is non-zero.",
    "Confirming zeros in input yield zero-blocks in output, non-zero yield full input-block.",
    "Generalizing: treat input as mask for tiling itself at 3×3 positions.",
    "Applied same rule to test: placed the 3×3 input at blocks where test input is non-zero."
  ],
  "multiplePredictedOutputs": null,
  "predictedOutput": [
    [
      7,
      0,
      7,
      0,
      0,
      0,
      7,
      0,
      7
    ],
    [
      7,
      0,
      7,
      0,
      0,
      0,
      7,
      0,
      7
    ],
    [
      7,
      7,
      0,
      0,
      0,
      0,
      7,
      7,
      0
    ],
    [
      7,
      0,
      7,
      0,
      0,
      0,
      7,
      0,
      7
    ],
    [
      7,
      0,
      7,
      0,
      0,
      0,
      7,
      0,
      7
    ],
    [
      7,
      7,
      0,
      0,
      0,
      0,
      7,
      7,
      0
    ],
    [
      7,
      0,
      7,
      7,
      0,
      7,
      0,
      0,
      0
    ],
    [
      7,
      0,
      7,
      7,
      0,
      7,
      0,
      0,
      0
    ],
    [
      7,
      7,
      0,
      7,
      7,
      0,
      0,
      0,
      0
    ]
  ],
  "predictedOutput1": [],
  "predictedOutput2": [],
  "predictedOutput3": [],
  "solvingStrategy": "1. Let input matrix A be 3×3. 2. Prepare an output grid G of size 9×9, initialized to zero. 3. For each cell (i,j) in A: if A[i][j] ≠ 0, then copy the entire 3×3 matrix A into G at block starting at (i*3, j*3). 4. Leave blocks where A[i][j] = 0 as all zeros. 5. Return G.",
  "patternDescription": "Tile the 3×3 input into a 9×9 grid at block positions corresponding to non-zero cells in the input; zero cells yield empty blocks.",
  "hints": [
    "for i,j in 0..2: if A[i][j]!=0 then for di,dj in 0..2 G[3*i+di][3*j+dj]=A[di][dj]",
    "Place copies of the input into a larger 3×3 arrangement keyed by where the input has color; zeros produce blank tiles.",
    "🟩➡️🔳, 🟩 means copy input tile; ⚫ means leave blank, arranged in 3×3."
  ],
  "confidence": 100,
  "apiProcessingTimeMs": 51667,
  "predictedOutputGrid": [
    [
      7,
      0,
      7,
      0,
      0,
      0,
      7,
      0,
      7
    ],
    [
      7,
      0,
      7,
      0,
      0,
      0,
      7,
      0,
      7
    ],
    [
      7,
      7,
      0,
      0,
      0,
      0,
      7,
      7,
      0
    ],
    [
      7,
      0,
      7,
      0,
      0,
      0,
      7,
      0,
      7
    ],
    [
      7,
      0,
      7,
      0,
      0,
      0,
      7,
      0,
      7
    ],
    [
      7,
      7,
      0,
      0,
      0,
      0,
      7,
      7,
      0
    ],
    [
      7,
      0,
      7,
      7,
      0,
      7,
      0,
      0,
      0
    ],
    [
      7,
      0,
      7,
      7,
      0,
      7,
      0,
      0,
      0
    ],
    [
      7,
      7,
      0,
      7,
      7,
      0,
      0,
      0,
      0
    ]
  ],
  "hasMultiplePredictions": false,
  "isPredictionCorrect": true,
  "predictionAccuracyScore": 1,
  "modelKey": "o4-mini-2025-04-16",
  "actualProcessingTime": 52
}