{
  "model": "mistralai/codestral-2508",
  "hasReasoningLog": false,
  "temperature": 0.2,
  "reasoningEffort": null,
  "reasoningVerbosity": null,
  "reasoningSummaryType": null,
  "inputTokens": 1358,
  "outputTokens": 391,
  "reasoningTokens": null,
  "totalTokens": 1749,
  "estimatedCost": 0.0007593000000000001,
  "reasoningItems": [
    "Analyzed the training examples to identify the patterns of 2s and 6s that are replaced with 8s in the output grids.",
    "Observed that the replacement of 2s and 6s with 8s is consistent across all training examples.",
    "Applied the identified pattern to the test case input to generate the predicted output grid.",
    "Considered alternative patterns but rejected them as they did not match the consistent replacement observed in the training examples."
  ],
  "multiplePredictedOutputs": null,
  "predictedOutput": [
    [
      0,
      0,
      0,
      0
    ],
    [
      0,
      0,
      0,
      0
    ],
    [
      0,
      8,
      0,
      0
    ],
    [
      0,
      0,
      8,
      0
    ],
    [
      0,
      0,
      0,
      0
    ],
    [
      0,
      0,
      0,
      0
    ]
  ],
  "predictedOutput1": [],
  "predictedOutput2": [],
  "predictedOutput3": [],
  "solvingStrategy": "The transformation involves replacing specific patterns of 2s and 6s with 8s in the input grid. The output grid is constructed by identifying these patterns and replacing them accordingly.",
  "patternDescription": "Replace specific patterns of 2s and 6s with 8s in the input grid.",
  "hints": [
    "Identify the patterns of 2s and 6s in the input grid and replace them with 8s in the output grid.",
    "Consider the positions and arrangements of 2s and 6s to determine the correct replacement with 8s.",
    "Ensure that the replacement is consistent with the patterns observed in the training examples."
  ],
  "confidence": 85,
  "apiProcessingTimeMs": 2324,
  "predictedOutputGrid": [
    [
      0,
      0,
      0,
      0
    ],
    [
      0,
      0,
      0,
      0
    ],
    [
      0,
      8,
      0,
      0
    ],
    [
      0,
      0,
      8,
      0
    ],
    [
      0,
      0,
      0,
      0
    ],
    [
      0,
      0,
      0,
      0
    ]
  ],
  "hasMultiplePredictions": false,
  "isPredictionCorrect": false,
  "predictionAccuracyScore": 0.15000000000000002
}