{
  "model": "cohere/command-r-plus",
  "hasReasoningLog": false,
  "temperature": 0.2,
  "reasoningEffort": null,
  "reasoningVerbosity": null,
  "reasoningSummaryType": null,
  "inputTokens": 1366,
  "outputTokens": 437,
  "reasoningTokens": null,
  "totalTokens": 1803,
  "estimatedCost": 0.0013385,
  "reasoningItems": [
    "Note that the 2x3 rectangle of 2s is not always in the same position, so a fixed shift won't work.",
    "Shifting the rectangle of 2s left by one cell and replacing with 8s works for all examples.",
    "The 7s and 6s in the input don't seem to play a role in the transformation, only the 2s matter.",
    "The output grid is always 8x8, so we can always fill it with 0s initially and then place the 8s."
  ],
  "multiplePredictedOutputs": null,
  "predictedOutput": [
    [
      8,
      8,
      0,
      0
    ],
    [
      8,
      0,
      0,
      0
    ],
    [
      0,
      0,
      0,
      0
    ],
    [
      8,
      0,
      8,
      0
    ],
    [
      0,
      8,
      0,
      0
    ],
    [
      0,
      0,
      0,
      8
    ],
    [
      0,
      0,
      0,
      0
    ],
    [
      0,
      0,
      0,
      0
    ]
  ],
  "solvingStrategy": "Identify 2x3 rectangle of 2s in each input. Replace with 8s in output, shifted left by one cell.",
  "patternDescription": "Find 2x3 rectangle of 2s and shift left by one cell to place 8s in output.",
  "hints": [
    "Best: Scan for 2x3 rectangle of 2s and shift left to place 8s. Works for all examples.",
    "Alternate: Scan for 2x3 of 2s anywhere and shift left. Fails for Example 2 as it shifts the wrong 2x3 rectangle.",
    "Alternate: Scan for 2x3 of 2s in top-left corner and shift left. Fails for Examples 2 and 4 as the rectangle is not in the top-left."
  ],
  "confidence": 95,
  "apiProcessingTimeMs": 15851,
  "predictedOutputGrid": [
    [
      8,
      8,
      0,
      0
    ],
    [
      8,
      0,
      0,
      0
    ],
    [
      0,
      0,
      0,
      0
    ],
    [
      8,
      0,
      8,
      0
    ],
    [
      0,
      8,
      0,
      0
    ],
    [
      0,
      0,
      0,
      8
    ],
    [
      0,
      0,
      0,
      0
    ],
    [
      0,
      0,
      0,
      0
    ]
  ],
  "hasMultiplePredictions": false,
  "isPredictionCorrect": false,
  "predictionAccuracyScore": 0.050000000000000044,
  "modelKey": "cohere/command-r-plus",
  "actualProcessingTime": 16
}