{
  "model": "o4-mini-2025-04-16",
  "reasoningLog": "[{\"type\":\"summary_text\",\"text\":\"**Analyzing grid patterns**\\n\\nI'm comparing the patterns in a 6x4 grid where the top and bottom rows might match. For example, in the first row with values [0, 2, 2, 0], I can compute logic for highlighting cells that could represent \\\"holes.\\\" If the top has a 2 and the bottom has a 6, their sum would be 8, indicating a colored cell. It seems like the output can show matching colored cells, but many results end up being zeros. Let's explore this further!\"},{\"type\":\"summary_text\",\"text\":\"**Testing output logic**\\n\\nI'm testing the logic for output values in a grid. At row 0, column 0, the top and bottom values are both 0, but the output is 8, which confuses me since that doesn't align with the sum. It seems I need to align output rows to their input counterparts. The output shows 8 where both inputs are zero, and 0 otherwise. Notably, at row 1, where only one of the inputs is non-zero, the result also matches this pattern. So my conclusion is that output yields 8 if both inputs are zero; otherwise, it's 0.\"},{\"type\":\"summary_text\",\"text\":\"**Validating grid transformations**\\n\\nI’m analyzing patterns in a grid, checking outputs against example inputs. For row 2 of the first example, outputs matched with both zeroes yielding zero, while others were valid. In the second example, I'm confirming that certain positions lead to outputs of zero or eight, depending on corresponding top and bottom values. I’ll compute each row and column, keeping track of when both values are zero for the output to be eight. The final predicted output captures these rules, ensuring I handle distinctions correctly when determining zeroes and eights.\"},{\"type\":\"summary_text\",\"text\":\"**Consolidating reasoning steps**\\n\\nI observed the row of sevens and realized it splits the input into two blocks of 6x4. I hypothesized that combining these could lead to a summation yielding 8. While this approach matches some outputs, it fails for cases with zeros. I also tested the condition where both values are zero, which correctly matched the outputs. Additionally, I considered using AND and XOR operations. Overall, I feel confident about my reasoning, probably around 100%.\"}]",
  "hasReasoningLog": true,
  "temperature": 0.2,
  "reasoningEffort": null,
  "reasoningVerbosity": null,
  "reasoningSummaryType": null,
  "inputTokens": 1696,
  "outputTokens": 3239,
  "reasoningTokens": 2816,
  "totalTokens": 7751,
  "estimatedCost": 0.0161172,
  "status": "completed",
  "incomplete": false,
  "incompleteReason": "Response validation bypassed - focusing on real truncation issues",
  "reasoningItems": [
    "Noticed each input has a row of 7s splitting into two 6×4 blocks of values {0,2} and {0,6}.",
    "Output size is 6×4 with values {0,8}.",
    "Tested summing corresponding cells (2+6=8) but positions with both zeros should also yield 8, summation misses those.",
    "Tested condition “both zero→8 else 0”, matched all training outputs.",
    "Applied that rule to test input to generate result.",
    "Considered XOR or OR logic but only the both-zero condition yields correct 8 placements."
  ],
  "multiplePredictedOutputs": null,
  "predictedOutput": [
    [
      0,
      0,
      8,
      0
    ],
    [
      0,
      0,
      0,
      8
    ],
    [
      0,
      8,
      8,
      0
    ],
    [
      0,
      0,
      0,
      0
    ],
    [
      0,
      8,
      0,
      0
    ],
    [
      8,
      8,
      0,
      0
    ]
  ],
  "predictedOutput1": [],
  "predictedOutput2": [],
  "predictedOutput3": [],
  "solvingStrategy": "Find the row of all 7s (separator). Split the grid into top_block (rows above) and bottom_block (rows below), each 6×4. Initialize output 6×4. For each row i in 0..5 and column j in 0..3: if top_block[i][j]==0 AND bottom_block[i][j]==0 then output[i][j]=8 else output[i][j]=0.",
  "patternDescription": "The output marks with 8 every position where both the upper 6×4 block and the lower 6×4 block have zeros; all other positions are zero.",
  "hints": [
    "Best: Split at the all-7s row, compare each cell of the top and bottom blocks, and paint 8 if both are zero.",
    "Try summing cell values from the two blocks; reject because it misses zero-zero cells.",
    "Try XOR or OR of corresponding cells; reject because they don’t isolate the zero-zero case."
  ],
  "confidence": 95,
  "apiProcessingTimeMs": 42708,
  "predictedOutputGrid": [
    [
      0,
      0,
      8,
      0
    ],
    [
      0,
      0,
      0,
      8
    ],
    [
      0,
      8,
      8,
      0
    ],
    [
      0,
      0,
      0,
      0
    ],
    [
      0,
      8,
      0,
      0
    ],
    [
      8,
      8,
      0,
      0
    ]
  ],
  "hasMultiplePredictions": false,
  "isPredictionCorrect": true,
  "predictionAccuracyScore": 0.975
}