{
  "model": "o3-2025-04-16",
  "reasoningLog": "[]",
  "hasReasoningLog": true,
  "temperature": 0.2,
  "reasoningEffort": null,
  "reasoningVerbosity": null,
  "reasoningSummaryType": null,
  "inputTokens": 1696,
  "outputTokens": 3938,
  "reasoningTokens": 3520,
  "totalTokens": 9154,
  "estimatedCost": 0.034895999999999996,
  "status": "completed",
  "incomplete": false,
  "incompleteReason": "Response validation bypassed - focusing on real truncation issues",
  "reasoningItems": [
    "Noticed each input contains a single row filled with 7 – used as a divider.",
    "Rows above and below the 7-row are always six, matching the six output rows.",
    "Outputs contain only colours 0 and 8: therefore 8 must encode a boolean condition, 0 otherwise.",
    "Column-wise comparison of corresponding top/bottom rows shows 8 exactly where the two values are identical.",
    "Applied this equality test to the test grid to build the predicted 6×4 output."
  ],
  "multiplePredictedOutputs": null,
  "predictedOutput": [
    [
      0,
      0,
      8,
      0
    ],
    [
      0,
      0,
      0,
      8
    ],
    [
      0,
      8,
      8,
      0
    ],
    [
      0,
      0,
      0,
      0
    ],
    [
      0,
      0,
      0,
      0
    ],
    [
      8,
      8,
      0,
      0
    ]
  ],
  "predictedOutput1": [],
  "predictedOutput2": [],
  "predictedOutput3": [],
  "solvingStrategy": "1. Split the 13×4 input grid into three parts: Top = first 6 rows, Separator = 1 row of 7s, Bottom = last 6 rows.\n2. For every coordinate (r,c) with r∈0‥5 and c∈0‥3:  if Top[r][c] == Bottom[r][c] then Out[r][c] = 8 else Out[r][c] = 0.\n3. Return the resulting 6×4 grid.",
  "patternDescription": "Compare the two halves separated by the 7s. Paint 8 where the colours match, otherwise paint 0.",
  "hints": [
    "Hint 1 (best): Treat rows above and below the 7s as two equal-sized pictures and mark positions that are the same.",
    "Hint 2: Try overlaying the top and bottom parts with a logical operation (XOR, AND, equality).",
    "Hint 3: Focus on why only colour 8 appears in the result and where it is positioned."
  ],
  "confidence": 93,
  "apiProcessingTimeMs": 45385,
  "predictedOutputGrid": [
    [
      0,
      0,
      8,
      0
    ],
    [
      0,
      0,
      0,
      8
    ],
    [
      0,
      8,
      8,
      0
    ],
    [
      0,
      0,
      0,
      0
    ],
    [
      0,
      0,
      0,
      0
    ],
    [
      8,
      8,
      0,
      0
    ]
  ],
  "hasMultiplePredictions": false,
  "isPredictionCorrect": false,
  "predictionAccuracyScore": 0.06999999999999995
}