{
  "model": "o3-mini-2025-01-31",
  "reasoningLog": "[{\"type\":\"summary_text\",\"text\":\"**Analyzing training examples**\\n\\nI'm looking at the training examples, which are all grids of numbers arranged in lists of rows. I notice each input has 13 rows, while the outputs have 6 rows. This suggests a pattern: inputs lead to specific outputs. I've also picked up on a \\\"magic\\\" row; specifically, the row at index 6 of the input is always [7,7,7,7]. It seems like the outputs may rely on specific parts of the inputs, including variations in later rows.\"},{\"type\":\"summary_text\",\"text\":\"**Examining training input and output**\\n\\nI'm analyzing the first training example, where the input consists of 13 rows, and the output has 6 rows. It looks like the output may be formed by splitting the input into two parts: the top 6 rows and the bottom 6 rows, with row 6 acting as a divider. Observing the transformation, it seems entries are either 8 or 0 and don’t retain the original values. I suspect the output is derived from some operation, perhaps the sum of corresponding cells from the top and bottom sections.\"},{\"type\":\"summary_text\",\"text\":\"**Computing predicted output**\\n\\nI'm analyzing the transformation process for the input grid with 13 rows. It seems the output rows are generated by comparing corresponding rows from the top half (rows 0-5) and the bottom half (rows 7-12). For each pair of rows, if the elements are the same, the output cell becomes 8; otherwise, it’s 0. I confirmed this transformation by calculating example pairs, and my predicted output matches correctly. Now I'll prepare the JSON format for the predicted output and include all necessary fields.\"}]",
  "hasReasoningLog": true,
  "temperature": 0.2,
  "reasoningEffort": null,
  "reasoningVerbosity": null,
  "reasoningSummaryType": null,
  "inputTokens": 1696,
  "outputTokens": 4251,
  "reasoningTokens": 3776,
  "totalTokens": 9723,
  "estimatedCost": 0.020569999999999998,
  "status": "completed",
  "incomplete": false,
  "incompleteReason": "Response validation bypassed - focusing on real truncation issues",
  "reasoningItems": [
    "Observed that each input grid has 13 rows with row 6 as a divider (always [7,7,7,7]).",
    "Noticed that the top 6 and bottom 6 rows form pairs corresponding to the output rows.",
    "Tested the hypothesis on the first training example: For each column, if the top value equals the corresponding bottom value, the output cell is 8; if not, 0.",
    "Confirmed the pattern across all four training examples.",
    "Applied the same rule to the test input by pairing row 0 with row 7, row 1 with row 8, etc., and compared cell by cell."
  ],
  "multiplePredictedOutputs": null,
  "predictedOutput": [
    [
      0,
      0,
      8,
      0
    ],
    [
      0,
      0,
      0,
      8
    ],
    [
      0,
      8,
      8,
      0
    ],
    [
      0,
      0,
      0,
      0
    ],
    [
      0,
      8,
      0,
      0
    ],
    [
      8,
      8,
      0,
      0
    ]
  ],
  "predictedOutput1": [],
  "predictedOutput2": [],
  "predictedOutput3": [],
  "solvingStrategy": "Divide the input into two halves using the divider row (row index 6). For each corresponding row pair from the top half (rows 0-5) and bottom half (rows 7-12), compare each column: if the values are identical, output 8; otherwise output 0.",
  "patternDescription": "Split the grid into two halves at the divider row and compare corresponding cells; assign 8 if they are equal, otherwise 0.",
  "hints": [
    "Hint 1: Identify the significance of the divider row [7,7,7,7] to split the grid into two equal halves.",
    "Hint 2: For each corresponding pair of rows from the top and bottom halves, compare each cell and set the output cell to 8 when they match.",
    "Hint 3: Verify your approach by applying it to every training example to see the consistent pattern of output."
  ],
  "confidence": 100,
  "apiProcessingTimeMs": 59035,
  "predictedOutputGrid": [
    [
      0,
      0,
      8,
      0
    ],
    [
      0,
      0,
      0,
      8
    ],
    [
      0,
      8,
      8,
      0
    ],
    [
      0,
      0,
      0,
      0
    ],
    [
      0,
      8,
      0,
      0
    ],
    [
      8,
      8,
      0,
      0
    ]
  ],
  "hasMultiplePredictions": false,
  "isPredictionCorrect": true,
  "predictionAccuracyScore": 1
}