{
  "model": "o3-mini-2025-01-31",
  "reasoningLog": "[object Object],[object Object],[object Object]",
  "hasReasoningLog": true,
  "temperature": 0.2,
  "reasoningEffort": null,
  "reasoningVerbosity": null,
  "reasoningSummaryType": null,
  "inputTokens": 1135,
  "outputTokens": 3211,
  "reasoningTokens": 2752,
  "totalTokens": 7098,
  "estimatedCost": 0.0153769,
  "status": "completed",
  "incomplete": false,
  "reasoningItems": [
    "Observed that each training example is a grid where each row is identical and the transformation converts each number consistently.",
    "Derived the mapping: 3 becomes 4, 1 becomes 5, 2 becomes 6, 8 becomes 9, 5 becomes 1, 6 becomes 2, 9 becomes 8, and 4 becomes 3.",
    "Verified consistency of the mapping across all examples.",
    "Applied the mapping to the test grid input: For [8,1,3] the mapping yields [9,5,4].",
    "Constructed the output grid by repeating the transformed row."
  ],
  "multiplePredictedOutputs": null,
  "predictedOutput": [
    [
      9,
      5,
      4
    ],
    [
      9,
      5,
      4
    ],
    [
      9,
      5,
      4
    ]
  ],
  "predictedOutput1": [],
  "predictedOutput2": [],
  "predictedOutput3": [],
  "solvingStrategy": "For each training example, identify the digit-to-digit mapping between the input row and the output row. The mapping pairs are: 1↔5, 2↔6, 3↔4, and 8↔9. Then apply this mapping to each digit in the test grid.",
  "patternDescription": "Each digit in the input is replaced by its paired digit: 1↔5, 2↔6, 3↔4, and 8↔9.",
  "hints": [
    "First, create a dictionary with mapping {1:5, 5:1, 2:6, 6:2, 3:4, 4:3, 8:9, 9:8}. Iterate over each number in the input row and replace it.",
    "Second approach: Compare each training example side-by-side to see how individual digits change; reject this if the mapping isn't one-to-one.",
    "Third approach: Consider arithmetic operations on digits; reject because differences are not consistent (not a uniform addition/subtraction)."
  ],
  "confidence": 100,
  "apiProcessingTimeMs": 45868,
  "predictedOutputGrid": [
    [
      9,
      5,
      4
    ],
    [
      9,
      5,
      4
    ],
    [
      9,
      5,
      4
    ]
  ],
  "hasMultiplePredictions": false,
  "isPredictionCorrect": true,
  "predictionAccuracyScore": 1
}