{
  "model": "o4-mini-2025-04-16",
  "reasoningLog": "[object Object],[object Object],[object Object]",
  "hasReasoningLog": true,
  "temperature": 0.2,
  "reasoningEffort": null,
  "reasoningVerbosity": null,
  "reasoningSummaryType": null,
  "inputTokens": 1135,
  "outputTokens": 1925,
  "reasoningTokens": 1472,
  "totalTokens": 4532,
  "estimatedCost": 0.0097185,
  "status": "completed",
  "incomplete": false,
  "reasoningItems": [
    "All training grids have identical rows; focus on single row transformation.",
    "Listed input→output triples: [3,1,2]→[4,5,6], [2,3,8]→[6,4,9], [5,8,6]→[1,9,2], [9,4,2]→[8,3,6].",
    "Noticed each input value always maps to the same output value across all examples.",
    "Observed mappings: 1↔5, 2↔6, 3↔4, 8↔9 form symmetric swaps.",
    "Test row [8,1,3] maps via these pairs to [9,5,4].",
    "Replicate this row three times for the full 3×3 grid."
  ],
  "multiplePredictedOutputs": null,
  "predictedOutput": [
    [
      9,
      5,
      4
    ],
    [
      9,
      5,
      4
    ],
    [
      9,
      5,
      4
    ]
  ],
  "predictedOutput1": [],
  "predictedOutput2": [],
  "predictedOutput3": [],
  "solvingStrategy": "1. Scan all training input→output pairs. 2. For each position i in a row, record mapping f[input_value] = output_value. 3. Confirm mappings form disjoint swap-pairs (e.g., 1⇄5,2⇄6,3⇄4,8⇄9). 4. For each cell in test input, replace x with f[x]. 5. Assemble the transformed rows into the output grid.",
  "patternDescription": "Each number is swapped with its partner (1↔5, 2↔6, 3↔4, 8↔9) and every row is identical.",
  "hints": [
    "Best: Build a dictionary f from each distinct input→output value pair in training and apply f to test.",
    "Try f(x)=10−x: fails for x=3→7 but output is 4, so reject.",
    "Consider adding a constant modulo 10: e.g., x+1 mod10 gives 3→4 but 1→2 (wrong), so reject."
  ],
  "confidence": 100,
  "apiProcessingTimeMs": 26996,
  "predictedOutputGrid": [
    [
      9,
      5,
      4
    ],
    [
      9,
      5,
      4
    ],
    [
      9,
      5,
      4
    ]
  ],
  "hasMultiplePredictions": false,
  "isPredictionCorrect": true,
  "predictionAccuracyScore": 1,
  "modelKey": "o4-mini-2025-04-16",
  "actualProcessingTime": 33
}