{
  "model": "grok-4-0709",
  "reasoningLog": null,
  "hasReasoningLog": false,
  "temperature": 0.2,
  "reasoningEffort": null,
  "reasoningVerbosity": null,
  "reasoningSummaryType": null,
  "inputTokens": 1085,
  "outputTokens": 683,
  "reasoningTokens": null,
  "totalTokens": 1768,
  "estimatedCost": 0.013500000000000002,
  "reasoningItems": [],
  "multiplePredictedOutputs": null,
  "predictedOutput": [
    [
      1,
      1,
      1,
      9,
      9,
      9,
      6,
      6,
      6
    ],
    [
      1,
      1,
      1,
      9,
      9,
      9,
      6,
      6,
      6
    ],
    [
      1,
      1,
      1,
      9,
      9,
      9,
      6,
      6,
      6
    ]
  ],
  "predictedOutput1": [],
  "predictedOutput2": [],
  "predictedOutput3": [],
  "solvingStrategy": "Analyzed the training examples by dividing each 3x9 input grid into three 3x3 blocks. Identified that each unique 3x3 pattern of 5's maps to a specific output color (number 0-9), which is then used to fill the corresponding three columns across all three rows identically. Mapped all patterns from training and applied to test input blocks.",
  "keySteps": [
    "Step 1: Observed that outputs have identical rows and are divided into groups of three identical columns.",
    "Step 2: Divided inputs into 3x3 blocks and matched them to output numbers.",
    "Step 3: Listed unique patterns and their mappings: bottom row full -> 1, top row full -> 6, backslash diagonal -> 9, single center -> 4, almost-full (missing center) -> 3.",
    "Step 4: Noted test input blocks match known patterns: left=bottom full=1, middle=backslash diagonal=9, right=top full=6.",
    "Step 5: Considered if there's a deeper rule like rotation, center of mass, or binary, but mappings fit directly without need for new patterns in test.",
    "Step 6: Confirmed consistency across all training examples."
  ],
  "patternDescription": "The transformation divides the input into three independent 3x3 blocks. Each block's pattern of 5's (on 0 background) is classified into one of the demonstrated types, mapping to a number (color): \n- All except center 0: 3\n- Center only: 4\n- Backslash diagonal (top-right to bottom-left): 9\n- Bottom row full: 1\n- Top row full: 6\nThe output fills each corresponding 3-column group with the mapped number repeated in every position, making all rows identical.",
  "hints": [
    "Best algorithm: for each 3x3 block in input: identify_pattern(block) -> number; fill_output_columns(3*block_index to 3*block_index+2, number); repeat for all rows.",
    "Math algorithm: Let P be the 3x3 matrix; compute hash = sum(P[i][j] * 5^{3*i + j}); lookup[hash] = number (e.g., lookup[bottom_full_hash]=1); output = replicate number across columns and rows.",
    "Emoji algorithm: 📏 Divide grid ➡️ 3️⃣ blocks 🧩; 🔍 Match shape: ⬛⬛⬛\n⬛⬛⬛\n🟦🟦🟦 =1️⃣, ⬛⬛🟦\n⬛🟦⬛\n🟦⬛⬛ =9️⃣, 🟦🟦🟦\n⬛⬛⬛\n⬛⬛⬛ =6️⃣, etc; 🎨 Fill columns with number emoji repeated."
  ],
  "confidence": 100,
  "apiProcessingTimeMs": 190086,
  "predictedOutputGrid": [
    [
      1,
      1,
      1,
      9,
      9,
      9,
      6,
      6,
      6
    ],
    [
      1,
      1,
      1,
      9,
      9,
      9,
      6,
      6,
      6
    ],
    [
      1,
      1,
      1,
      9,
      9,
      9,
      6,
      6,
      6
    ]
  ],
  "hasMultiplePredictions": false,
  "isPredictionCorrect": true,
  "predictionAccuracyScore": 1
}