{
  "model": "o4-mini-2025-04-16",
  "reasoningLog": "[{\"type\":\"summary_text\",\"text\":\"**Exploring 4s arrangement**\\n\\nI’m trying to understand how the 4s in each column are stacked from the bottom upwards. It seems like the non-zero values are moved downward while preserving their original vertical order. For example, in column 1, the input has two 4s from rows 0 and 2, and both appear in the output at rows 2 and 3. It looks like the original row from 2 remains lower in the final arrangement, confirming that the original vertical order is indeed maintained.\"},{\"type\":\"summary_text\",\"text\":\"**Analyzing column arrangements**\\n\\nIt seems that the non-zero values fall to the bottom in each column while keeping their original relative order. For instance, the 9 at (0,3) moves to row 3, which works well since it’s the only value in that column. Column 2 has the 6 from row 2 falling to row 3 too, which matches. \\n\\nNow, with the example of a 6x6 grid: the non-zero values should fill the bottom rows based on their original order. This means values like the 4s and 8s maintain their positions even when sorting, resulting in consistent placements.\"}]",
  "hasReasoningLog": true,
  "temperature": 0.2,
  "reasoningEffort": null,
  "reasoningVerbosity": null,
  "reasoningSummaryType": null,
  "inputTokens": 1325,
  "outputTokens": 3010,
  "reasoningTokens": 2624,
  "totalTokens": 6959,
  "estimatedCost": 0.014701500000000003,
  "status": "completed",
  "incomplete": false,
  "reasoningItems": [
    "Across all examples, non-zero cells in each column ‘fall’ to the bottom of that column.",
    "Relative vertical order of non-zeros is preserved: lower originals map to lower destinations.",
    "Zeros occupy all remaining slots atop the column.",
    "Applied to test: extracted col0 values [5,5,5], placed in rows 4,3,2; similarly for other columns.",
    "Constructed final grid with zeros above and the falling values below."
  ],
  "multiplePredictedOutputs": null,
  "predictedOutput": [
    [
      0,
      0,
      0,
      0,
      0
    ],
    [
      0,
      0,
      0,
      0,
      0
    ],
    [
      5,
      0,
      0,
      0,
      0
    ],
    [
      5,
      2,
      0,
      4,
      0
    ],
    [
      5,
      2,
      6,
      4,
      3
    ]
  ],
  "predictedOutput1": [],
  "predictedOutput2": [],
  "predictedOutput3": [],
  "solvingStrategy": "for each column index c in 0..width-1:\n  let colVals = []\n  for r in 0..height-1:\n    if input[r][c] != 0: append input[r][c] to colVals\n  let writeRow = height-1\n  for v in reverse(colVals):\n    output[writeRow][c] = v\n    writeRow -= 1\n  for r in 0..writeRow:\n    output[r][c] = 0",
  "patternDescription": "In every column, all non-zero numbers slide down to the bottom, keeping their order, and zeros fill above.",
  "hints": [
    "Use a gravity algorithm that drops non-zeros in each column to its bottom.",
    "Consider and reject sorting by value: values stay in original sequence, not sorted numerically.",
    "Don’t shift rows horizontally or rotate; transformation is purely vertical per column."
  ],
  "confidence": 100,
  "apiProcessingTimeMs": 28216,
  "predictedOutputGrid": [
    [
      0,
      0,
      0,
      0,
      0
    ],
    [
      0,
      0,
      0,
      0,
      0
    ],
    [
      5,
      0,
      0,
      0,
      0
    ],
    [
      5,
      2,
      0,
      4,
      0
    ],
    [
      5,
      2,
      6,
      4,
      3
    ]
  ],
  "hasMultiplePredictions": false,
  "isPredictionCorrect": true,
  "predictionAccuracyScore": 1
}