{
  "model": "o3-mini-2025-01-31",
  "reasoningLog": "[{\"type\":\"summary_text\",\"text\":\"**Analyzing matrix gravity application**\\n\\nI’m evaluating how gravity affects different columns in the matrix example. For Column 0, the non-zero values (4, 4, 4) are correctly placed in the bottom rows. Column 1 remains zeros, while Column 2 has two sevens positioned in the right rows, matching the expected output.\\n\\nColumn 3 shows two eights placed correctly, and Column 4 stays all zeros. Finally, Column 5 has a nine placed as it should. Now, I'll check the input for the next matrix example.\"},{\"type\":\"summary_text\",\"text\":\"**Applying gravity to matrix modifications**\\n\\nI'm examining how gravity applies to this matrix, ensuring numbers fall to the bottom while keeping their order. For Column 0, the non-zero values (5, 5, 5) land in the correct bottom rows. For Column 1, the threes correctly fill the bottom, and zeros remain above. Column 2 has the six placed right, while the fours from Column 3 fill the bottom as expected. Lastly, Column 4 has a three properly positioned. Now, I’ll check the next case following the same logic.\"},{\"type\":\"summary_text\",\"text\":\"**Combining rows for output**\\n\\nI'm now combining rows from the top to the bottom, resulting in arrays for each row. Row 0 and Row 1 stay as all zeros, while Row 2 has a five, and Row 3 includes a five and two. Finally, Row 4 features the five, two, six, four, and three.\\n\\nFor the predicted JSON output, it should contain the proper structure, indicating no multiple outputs and the predicted 2D array. I’ll also list hints, reasoning steps, and set my confidence level high at 100. Now, I’ll prepare the final output.\"}]",
  "hasReasoningLog": true,
  "temperature": 0.2,
  "reasoningEffort": null,
  "reasoningVerbosity": null,
  "reasoningSummaryType": null,
  "inputTokens": 1325,
  "outputTokens": 3317,
  "reasoningTokens": 2944,
  "totalTokens": 7586,
  "estimatedCost": 0.016052300000000002,
  "status": "completed",
  "incomplete": false,
  "reasoningItems": [
    "Noticed that in all examples, nonzero values shifted downward in their columns.",
    "Tested the gravity-assignment idea on each column of the training examples.",
    "Verified that zeros fill the upper cells while nonzeros are preserved in original order at the bottom.",
    "Applied the same gravity column-wise transformation to the test case input."
  ],
  "multiplePredictedOutputs": null,
  "predictedOutput": [
    [
      0,
      0,
      0,
      0,
      0
    ],
    [
      0,
      0,
      0,
      0,
      0
    ],
    [
      5,
      0,
      0,
      0,
      0
    ],
    [
      5,
      2,
      0,
      4,
      0
    ],
    [
      5,
      2,
      6,
      4,
      3
    ]
  ],
  "predictedOutput1": [],
  "predictedOutput2": [],
  "predictedOutput3": [],
  "solvingStrategy": "For each column in the input grid, extract nonzero elements in order from top to bottom. Then, fill the column in the output grid by placing zeros at the top and the extracted nonzero elements at the bottom in the same order.",
  "patternDescription": "Move all nonzero digits in each column to the bottom of that column while keeping their order.",
  "hints": [
    "Hint 1: Iterate over each column and collect nonzero digits in order.",
    "Hint 2: Fill the top part of the column with zeros so that the nonzeros are aligned at the bottom.",
    "Hint 3: Consider alternative methods like row-wise processing, but they don't achieve the gravity effect; hence, column-wise is correct."
  ],
  "confidence": 100,
  "apiProcessingTimeMs": 39928,
  "predictedOutputGrid": [
    [
      0,
      0,
      0,
      0,
      0
    ],
    [
      0,
      0,
      0,
      0,
      0
    ],
    [
      5,
      0,
      0,
      0,
      0
    ],
    [
      5,
      2,
      0,
      4,
      0
    ],
    [
      5,
      2,
      6,
      4,
      3
    ]
  ],
  "hasMultiplePredictions": false,
  "isPredictionCorrect": true,
  "predictionAccuracyScore": 1
}