{
  "model": "o3-2025-04-16",
  "reasoningLog": "[{\"type\":\"summary_text\",\"text\":\"**Analyzing downward movement**\\n\\nI’m trying to clarify my approach with the grid. It seems row2 is actually the second last row, and I'm thinking about how to push non-zero values downward without them crossing another non-zero value below. The idea is that each non-zero should fall to the lowest empty cell beneath it but not pass any non-zero. However, my observations show a discrepancy in how gravity affects the output based on what I expect to happen. I might consider rotating the grid 180 degrees and re-evaluating the results.\"},{\"type\":\"summary_text\",\"text\":\"**Compacting column values**\\n\\nI’m exploring how to compute the output values for row3 based on the column data from previous rows. The idea is to take each column's bottommost non-zero values and move them down to fill any gaps, preserving their order. Essentially, I'll stack non-zero values from the bottom up for each column, then rewrite them upward. For example, if we look at column values, I can see that when I apply this compaction method, the outputs align correctly with my expectations across the rows. It looks promising!\"},{\"type\":\"summary_text\",\"text\":\"**Applying downward compression**\\n\\nI’m determining how to transform the grid by applying downward compression. The goal is to have all non-zero values in each column fall to the bottom while maintaining their order. For example, when examining column values, I see lists forming from the bottom up as I scan. I'll test this on a 5x5 grid, ensuring that non-zeros stack correctly, while zeros fill above. This method seems to effectively consolidate all numbers, and I anticipate achieving a clear output grid that meets these rules. Let's move forward with this approach!\"},{\"type\":\"summary_text\",\"text\":\"**Generating output grid**\\n\\nI'm constructing the output grid by arranging non-zero values from each column. For instance, in column1, I noticed that the bottom row should use a value from row3, which aligns with my expectations. Moving through each column, I analyze the input, list the values from bottom to top, and place them accordingly in the output grid. This results in a structured grid that reflects accurate predictions. Now I'm preparing the final output in the required format, which includes various specifications. Let's wrap this up!\"}]",
  "hasReasoningLog": true,
  "temperature": 0.2,
  "reasoningEffort": null,
  "reasoningVerbosity": null,
  "reasoningSummaryType": null,
  "inputTokens": 1325,
  "outputTokens": 3439,
  "reasoningTokens": 3072,
  "totalTokens": 7836,
  "estimatedCost": 0.030162,
  "status": "completed",
  "incomplete": false,
  "reasoningItems": [
    "Observed that in every training example all figures end up stacked at the bottom of their columns.",
    "Verified that the vertical order of coloured cells is preserved (a lower value never jumps above a higher one).",
    "Confirmed that no horizontal movement, colour change or deletion occurs – only downward compaction.",
    "Formulated rule: gravity acting independently on each column.",
    "Applied rule manually to the test grid, column by column, writing results into a new grid."
  ],
  "multiplePredictedOutputs": null,
  "predictedOutput": [
    [
      0,
      0,
      0,
      0,
      0
    ],
    [
      0,
      0,
      0,
      0,
      0
    ],
    [
      5,
      0,
      0,
      0,
      0
    ],
    [
      5,
      2,
      0,
      4,
      0
    ],
    [
      5,
      2,
      6,
      4,
      3
    ]
  ],
  "predictedOutput1": [],
  "predictedOutput2": [],
  "predictedOutput3": [],
  "solvingStrategy": "For each column c from 0 to W-1:\n 1. Scan the grid from the last row (H-1) up to row 0 and collect every non-zero value you meet, in that exact order (bottom→top).\n 2. Starting again from the last row, write those collected values one by one going upward; once the list is exhausted fill any remaining cells above with 0.\n 3. Repeat for all columns.\nReturn the transformed grid.",
  "patternDescription": "All coloured squares fall straight down until they hit the bottom or another square, keeping their order.",
  "hints": [
    "Think of turning the board into a Tetris field: every coloured block drops straight down.",
    "Do NOT reorder within a column; simply close up the empty gaps (zeros).",
    "Treat each column separately; rows are not mixed between columns."
  ],
  "confidence": 91,
  "apiProcessingTimeMs": 68275,
  "predictedOutputGrid": [
    [
      0,
      0,
      0,
      0,
      0
    ],
    [
      0,
      0,
      0,
      0,
      0
    ],
    [
      5,
      0,
      0,
      0,
      0
    ],
    [
      5,
      2,
      0,
      4,
      0
    ],
    [
      5,
      2,
      6,
      4,
      3
    ]
  ],
  "hasMultiplePredictions": false,
  "isPredictionCorrect": true,
  "predictionAccuracyScore": 0.9550000000000001
}