{
  "model": "o3-2025-04-16",
  "reasoningLog": "[object Object],[object Object],[object Object],[object Object]",
  "hasReasoningLog": true,
  "temperature": 0.2,
  "reasoningEffort": null,
  "reasoningVerbosity": null,
  "reasoningSummaryType": null,
  "inputTokens": 1650,
  "outputTokens": 12422,
  "reasoningTokens": 11840,
  "totalTokens": 25912,
  "estimatedCost": 0.102676,
  "status": "completed",
  "incomplete": false,
  "reasoningItems": [
    "Noticed outputs are 1×5 binary rows.",
    "2×2 solid blocks of colour 1 or 2 are the only structured objects repeated in all inputs.",
    "Mapping those blocks to three 3-row bands lined up perfectly with which bits were on in each training output.",
    "Bit-pattern 11000 appears when bands top & middle active; 11110 when all three bands active.",
    "Fourth bit acts as AND(top,bottom); fifth bit never used in training; assume constant 0."
  ],
  "multiplePredictedOutputs": null,
  "predictedOutput": [
    [
      1,
      1,
      1,
      1,
      0
    ]
  ],
  "predictedOutput1": [],
  "predictedOutput2": [],
  "predictedOutput3": [],
  "solvingStrategy": "1. Scan the 9×9 input grid.\n2. For every position (r,c) with r≤7,c≤7, check the 2×2 square {(r,c),(r+1,c),(r,c+1),(r+1,c+1)}.\n   If the four cells are equal and not 0, record the square.\n3. The square’s vertical band is ⌊r/3⌋ ∈ {0,1,2} (rows 0-2, 3-5, 6-8).\n4. Make array band[3] initialised 0.  For each found square set band[⌊r/3⌋]=1.\n5. Build 5-bit output V:\n   V[0]=band[0]; V[1]=band[1]; V[2]=band[2];\n   V[3]=1 if band[0] and band[2] are both 1, else 0;\n   V[4]=0 (constant in all training samples).\n6. Return [[V[0],V[1],V[2],V[3],V[4]]].",
  "patternDescription": "Look for solid 2×2 squares. Mark which of the three horizontal stripes (top, middle, bottom) contain at least one such square. Write a 1 for each stripe that has one, plus another 1 if both the top and bottom stripes have squares. Last slot is always 0.",
  "hints": [
    "Algorithm: detect every non-zero 2×2 block, flag its 3-row band, build bits [top,middle,bottom,top∧bottom,0].",
    "Think of the grid as three horizontal bands; report where identical-colour 2×2 squares occur.",
    "🔍⬜⬜➡️3️⃣📏 | 🟥🟦🟦 | 1️⃣0️⃣0️⃣0️⃣0️⃣"
  ],
  "confidence": 55,
  "apiProcessingTimeMs": 135162,
  "predictedOutputGrid": [
    [
      1,
      1,
      1,
      1,
      0
    ]
  ],
  "hasMultiplePredictions": false,
  "isPredictionCorrect": false,
  "predictionAccuracyScore": 0.44999999999999996,
  "modelKey": "o3-2025-04-16",
  "actualProcessingTime": 135
}