{
  "model": "o4-mini-2025-04-16",
  "reasoningLog": "[object Object],[object Object],[object Object],[object Object]",
  "hasReasoningLog": true,
  "temperature": 0.2,
  "reasoningEffort": null,
  "reasoningVerbosity": null,
  "reasoningSummaryType": null,
  "inputTokens": 1650,
  "outputTokens": 6737,
  "reasoningTokens": 6272,
  "totalTokens": 14659,
  "estimatedCost": 0.0314578,
  "status": "completed",
  "incomplete": false,
  "reasoningItems": [
    "Observe each training input contains several 2×2 monochrome sub-squares.",
    "Count the number of 2×2 blocks of value 1 in each input: Example1→2, Example2→4, Example3→4.",
    "Outputs exactly match a unary vector of length 5 with that many leading 1s.",
    "Test input: scan for 2×2 homogenous blocks of 1—found at (1,0),(3,5),(7,3) → count1=3.",
    "Construct 1×5 vector: [1,1,1,0,0]."
  ],
  "multiplePredictedOutputs": null,
  "predictedOutput": [
    [
      1,
      1,
      1,
      0,
      0
    ]
  ],
  "predictedOutput1": [],
  "predictedOutput2": [],
  "predictedOutput3": [],
  "solvingStrategy": "1. Initialize count1 = 0. 2. For each position (r,c) in the 9×9 grid except last row/col: 3. If grid[r][c], grid[r][c+1], grid[r+1][c], grid[r+1][c+1] are all equal to 1, increment count1. 4. After scanning, build output row of length 5: fill the first count1 entries with 1, and the remaining with 0. 5. Return that 1×5 row.",
  "patternDescription": "Count the number of 2×2 blocks of color 1 and output that count as leading ones in a fixed-length-5 row, with zeros filling the remainder.",
  "hints": [
    "Algorithm: for r in 0..7, c in 0..7, if grid[r][c]==grid[r][c+1]==grid[r+1][c]==grid[r+1][c+1]==1 then count++; output = [1]*count + [0]*(5-count).",
    "Description: It simply counts all 2×2 sub-squares of value 1 and writes that count in unary form across a five-cell row.",
    "Emojis: 🔍🟩2x2➕🔢➡️1️⃣…➕0️⃣…"
  ],
  "confidence": 95,
  "apiProcessingTimeMs": 56636,
  "predictedOutputGrid": [
    [
      1,
      1,
      1,
      0,
      0
    ]
  ],
  "hasMultiplePredictions": false,
  "isPredictionCorrect": true,
  "predictionAccuracyScore": 0.975,
  "modelKey": "o4-mini-2025-04-16",
  "actualProcessingTime": 57
}