{
  "model": "o3-2025-04-16",
  "reasoningLog": "[object Object],[object Object],[object Object],[object Object]",
  "hasReasoningLog": true,
  "temperature": 0.2,
  "reasoningEffort": null,
  "reasoningVerbosity": null,
  "reasoningSummaryType": null,
  "inputTokens": 1650,
  "outputTokens": 4094,
  "reasoningTokens": 3584,
  "totalTokens": 9328,
  "estimatedCost": 0.036052,
  "status": "completed",
  "incomplete": false,
  "reasoningItems": [
    "Observed that outputs are always 1×5 binary rows.",
    "Noted that Example-1 shows two leading 1’s, Examples-2 and ‑3 show four leading 1’s; suspected a count feature that can vary from 0–5.",
    "Searched for an element present exactly 2 times in Ex-1 and 4 times in Ex-2/3.",
    "Found that the number of 2×2 monochrome blocks of colour-1 matches those counts (2, 4, 4).",
    "Confirmed by exhaustive sliding-window scan.",
    "Rule formulated: count 2×2 1-blocks, prefix that many 1’s into a 5-cell row, fill the rest with 0.",
    "Applied rule to test: three such blocks detected at (1,0), (3,5), (7,3)."
  ],
  "multiplePredictedOutputs": null,
  "predictedOutput": [
    [
      1,
      1,
      1,
      0,
      0
    ]
  ],
  "predictedOutput1": [],
  "predictedOutput2": [],
  "predictedOutput3": [],
  "solvingStrategy": "1. For every training grid, scan each 2×2 window. 2. Count how many windows are completely filled with the colour 1 (a 2×2 block of ones). 3. Build a 1×5 output row: set the first k cells to 1 where k is that count; set the remaining cells to 0. 4. Apply the same scan-and-count to the test grid, obtaining k=3, and write [1,1,1,0,0].",
  "patternDescription": "Count how many 2×2 squares of the colour 1 are in the picture, then write that many 1’s at the start of a five-cell strip.",
  "hints": [
    "Algorithm: slide a 2×2 window, increment when all four cells are 1; output ‘1’ k times then ‘0’.",
    "Math view: k = Σ_{r=0}^{7} Σ_{c=0}^{7} Π_{i=0}^{1} Π_{j=0}^{1} [grid_{r+i,c+j}=1]; output = (1^k , 0^{5−k}).",
    "🤖🔍➡️🟥🟥 square ×count ➡️ 1️⃣1️⃣… ➡️ row5"
  ],
  "confidence": 62,
  "apiProcessingTimeMs": 39476,
  "predictedOutputGrid": [
    [
      1,
      1,
      1,
      0,
      0
    ]
  ],
  "hasMultiplePredictions": false,
  "isPredictionCorrect": true,
  "predictionAccuracyScore": 0.81
}