{
  "model": "o4-mini-2025-04-16",
  "reasoningLog": "[object Object],[object Object],[object Object]",
  "hasReasoningLog": true,
  "temperature": 0.2,
  "reasoningEffort": null,
  "reasoningVerbosity": null,
  "reasoningSummaryType": null,
  "inputTokens": 1650,
  "outputTokens": 5936,
  "reasoningTokens": 5440,
  "totalTokens": 13026,
  "estimatedCost": 0.027933400000000004,
  "status": "completed",
  "incomplete": false,
  "reasoningItems": [
    "Observation: training outputs are 5‐element rows of 1s then 0s.",
    "Tested hypothesis: outputs encode a count in unary (1s then 0s).",
    "Count the 2×2 uniform blocks of color1 in each training input: ex1→2, ex2→4, ex3→4.",
    "Training outputs match unary of those counts in length=5 (max count+1).",
    "Apply same to test: found 3 blocks of color1 → unary 11100."
  ],
  "multiplePredictedOutputs": null,
  "predictedOutput": [
    [
      1,
      1,
      1,
      0,
      0
    ]
  ],
  "predictedOutput1": [],
  "predictedOutput2": [],
  "predictedOutput3": [],
  "solvingStrategy": "1. Scan the 9×9 input grid for every 2×2 subgrid (positions i=0..7, j=0..7).\n2. For each 2×2 block, check if all four cells equal 1 (color1).\n3. Count the total number of such 2×2 blocks, call it c.\n4. Determine the maximum count observed in training (max_c=4). Set output length = max_c+1 =5.\n5. Create a 1×5 output row: fill the first c positions with 1, fill the remaining (5−c) positions with 0.\n6. Return this row as the final output.",
  "patternDescription": "Count how many 2×2 contiguous blocks of color 1 appear, then output that count in unary as a 5‐cell row (ones then zeros).",
  "hints": [
    "for i in 0..7: for j in 0..7: if grid[i][j],grid[i][j+1],grid[i+1][j],grid[i+1][j+1]==1 then count++; output=[1]*count+[0]*(5-count)",
    "We look for every little 2×2 square made entirely of the color '1'. We count them and then draw that number as consecutive 1’s in a 5‐cell row, padding the rest with 0’s.",
    "🔍➡️2×2️⃣⬜️1️⃣➕🔢✏️1️⃣1️⃣1️⃣0️⃣0️⃣"
  ],
  "confidence": 95,
  "apiProcessingTimeMs": 54719,
  "predictedOutputGrid": [
    [
      1,
      1,
      1,
      0,
      0
    ]
  ],
  "hasMultiplePredictions": false,
  "isPredictionCorrect": true,
  "predictionAccuracyScore": 0.975,
  "modelKey": "o4-mini-2025-04-16",
  "actualProcessingTime": 55
}