{
  "model": "o3-mini-2025-01-31",
  "reasoningLog": "[object Object],[object Object],[object Object],[object Object]",
  "hasReasoningLog": true,
  "temperature": 0.2,
  "reasoningEffort": null,
  "reasoningVerbosity": null,
  "reasoningSummaryType": null,
  "inputTokens": 1650,
  "outputTokens": 15519,
  "reasoningTokens": 14848,
  "totalTokens": 32017,
  "estimatedCost": 0.0700986,
  "status": "completed",
  "incomplete": false,
  "reasoningItems": [
    "Identified that all inputs are 9x9 grids and outputs are 5-length row vectors with binary entries.",
    "Noted that only the digits 1 and 2 appear in the grid, and that the output exclusively uses 1 and 0.",
    "Observed that two of the training examples output 11110 while one outputs 11000.",
    "Examined the distribution and clustering of the ones in each training grid and noted that a larger number (or better connected clusters) of ones seem to correlate with an output of 11110.",
    "Estimated the total count of ones in each example: the lower count (around 12) corresponded to 11000 and the higher counts (around 18) to 11110.",
    "Counted the ones in the test case grid (roughly 15) and concluded that its overall presence is closer to the higher-density examples, leading to an output of 11110."
  ],
  "multiplePredictedOutputs": null,
  "predictedOutput": [
    [
      1,
      1,
      1,
      1,
      0
    ]
  ],
  "predictedOutput1": [],
  "predictedOutput2": [],
  "predictedOutput3": [],
  "solvingStrategy": "We noted that every training example takes a 9x9 grid and produces a 1x5 output that looks like a binary vector (only 0s and 1s). In two examples the answer is [1,1,1,1,0] and in one it is [1,1,0,0,0]. By comparing the distributions of the digit 1 within each grid it appears that when there is a higher overall presence or vertical connectivity of 1’s the output shows more ones (as in the cases outputting 11110) and when there are fewer 1’s the output is 11000. Counting the 1’s in each training example gives totals of roughly 12 versus 18. Based on this observation the test‐case grid, when examined for its 1’s, has an overall count in between the higher examples. In our reasoning, the count and clustering of ones in the test case (with a total of about 15 ones distributed in several vertically connected groups) suggests it should be treated like the examples whose answer is 11110. Thus we predict the answer as [1,1,1,1,0].",
  "patternDescription": "The grid is summarized into a 5‐digit binary vector where the positions with a strong vertical grouping of 1’s are marked as 1; higher overall densities of 1’s produce more leading ones in the summary.",
  "hints": [
    "Algorithm: Count and analyze vertical clusters of 1’s in the 9x9 grid, then assign a 1 in each of 5 fixed segments if the cluster density exceeds a threshold.",
    "Math: If total_ones > threshold then output [1,1,1,1,0] else [1,1,0,0,0].",
    "Emojis: 🔢➡️👀 clusters 👍 vs 👎 = 💯"
  ],
  "confidence": 70,
  "apiProcessingTimeMs": 188871,
  "predictedOutputGrid": [
    [
      1,
      1,
      1,
      1,
      0
    ]
  ],
  "hasMultiplePredictions": false,
  "isPredictionCorrect": false,
  "predictionAccuracyScore": 0.30000000000000004
}