{
  "model": "o3-mini-2025-01-31",
  "reasoningLog": "[object Object],[object Object],[object Object],[object Object],[object Object]",
  "hasReasoningLog": true,
  "temperature": 0.2,
  "reasoningEffort": null,
  "reasoningVerbosity": null,
  "reasoningSummaryType": null,
  "inputTokens": 1650,
  "outputTokens": 16778,
  "reasoningTokens": 16128,
  "totalTokens": 34556,
  "estimatedCost": 0.0756382,
  "status": "completed",
  "incomplete": false,
  "reasoningItems": [
    "Observed that all training outputs are 5-element binary lists.",
    "Noted that two examples share the pattern [1,1,1,1,0] while one is [1,1,0,0,0].",
    "Considered different groupings (vertical, horizontal, block segmentation) but found none consistently matching all examples.",
    "Counted the number of ones in each training grid and recognized that the examples with 15 ones (training2 and training3) yield [1,1,1,1,0] while the example with fewer ones (training1 with 12 ones) yields [1,1,0,0,0].",
    "Applied this observation to the test grid. The count of ones in the test grid is 15, so the output is predicted to be [1,1,1,1,0]."
  ],
  "multiplePredictedOutputs": null,
  "predictedOutput": [
    [
      1,
      1,
      1,
      1,
      0
    ]
  ],
  "predictedOutput1": [],
  "predictedOutput2": [],
  "predictedOutput3": [],
  "solvingStrategy": "We examined the three training examples and noted that despite differences in the grids there is always a 5‐number binary output. Two of the examples produce [1,1,1,1,0] while one produces [1,1,0,0,0]. After many possibilities (grouping by columns, rows, block‐partitioning, looking for connected clusters) a consistent observation was that the total number of 1’s in the grid in training2 and training3 is higher (about 15) than in training1 (about 12), and the output appears to encode a simplified binary signature reflecting a count or prominence of the digit 1 in a left‐to‐right “signature” of the grid. Following this reasoning, the test grid has a total number of ones equal to 15 so that its signature should match the pattern [1,1,1,1,0].",
  "patternDescription": "The grid’s overall content of the digit 1, when roughly quantified, is used to produce a fixed 5‐bit binary signature. A higher count (about 15 ones) produces [1,1,1,1,0] while a lower count (around 12 ones) produces [1,1,0,0,0].",
  "hints": [
    "Algorithm: Count all cells equal to 1; if count>=15 then return [1,1,1,1,0] else return [1,1,0,0,0].",
    "Math: totalOnes = sum( cell==1 for each cell ); output = [1,1,1,1,0] if totalOnes>=15, else [1,1,0,0,0].",
    "Emojis: 🔢➡️1️⃣? (if many 1’s then 👍👍👍👍👎)"
  ],
  "confidence": 65,
  "apiProcessingTimeMs": 213936,
  "predictedOutputGrid": [
    [
      1,
      1,
      1,
      1,
      0
    ]
  ],
  "hasMultiplePredictions": false,
  "isPredictionCorrect": false,
  "predictionAccuracyScore": 0.35
}