{
  "model": "o3-mini-2025-01-31",
  "reasoningLog": "[object Object],[object Object]",
  "hasReasoningLog": true,
  "temperature": 0.2,
  "reasoningEffort": null,
  "reasoningVerbosity": null,
  "reasoningSummaryType": null,
  "inputTokens": 1144,
  "outputTokens": 1294,
  "reasoningTokens": 896,
  "totalTokens": 3334,
  "estimatedCost": 0.006952000000000002,
  "status": "completed",
  "incomplete": false,
  "reasoningItems": [
    "Noticed that in all training examples, rows that are uniform (all elements are the same) are replaced with 5's.",
    "Non-uniform rows are replaced with 0's.",
    "Confirmed this by checking each training case: for example, in Example 1, the first row [4,4,4] is uniform so it becomes [5,5,5], while other rows become [0,0,0].",
    "Applied the same rule to the test input: the first and third rows are uniform, so they become 5's; the second row is non-uniform, so becomes 0's."
  ],
  "multiplePredictedOutputs": null,
  "predictedOutput": [
    [
      5,
      5,
      5
    ],
    [
      0,
      0,
      0
    ],
    [
      5,
      5,
      5
    ]
  ],
  "predictedOutput1": [],
  "predictedOutput2": [],
  "predictedOutput3": [],
  "solvingStrategy": "For each row in the input grid, check if all values in that row are identical (a uniform row). If the row is uniform, replace it with a row of 5's; otherwise replace it with a row of 0's.",
  "patternDescription": "Replace uniform rows with a row of 5's and non-uniform rows with a row of 0's.",
  "hints": [
    "For each row: if row[0]==row[1]==row[2] -> output_row = [5,5,5] else output_row = [0,0,0]",
    "Uniform row check: if all elements are equal then assign 5; else assign 0.",
    "🤔➡️✅ if equals = 5, if not = 0"
  ],
  "confidence": 100,
  "apiProcessingTimeMs": 15083,
  "predictedOutputGrid": [
    [
      5,
      5,
      5
    ],
    [
      0,
      0,
      0
    ],
    [
      5,
      5,
      5
    ]
  ],
  "hasMultiplePredictions": false,
  "isPredictionCorrect": true,
  "predictionAccuracyScore": 1
}