{
  "model": "o4-mini-2025-04-16",
  "reasoningLog": "[object Object]",
  "hasReasoningLog": true,
  "temperature": 0.2,
  "reasoningEffort": null,
  "reasoningVerbosity": null,
  "reasoningSummaryType": null,
  "inputTokens": 1144,
  "outputTokens": 1321,
  "reasoningTokens": 1024,
  "totalTokens": 3489,
  "estimatedCost": 0.0070708,
  "status": "completed",
  "incomplete": false,
  "reasoningItems": [
    "Observed that outputs preserve grid shape, replacing values by either 5 or 0.",
    "Noted that only rows where all three input cells are identical map to 5s.",
    "Confirmed non-uniform rows always map to 0s across all training examples.",
    "Verified output value 5 is constant regardless of the input color."
  ],
  "multiplePredictedOutputs": null,
  "predictedOutput": [
    [
      5,
      5,
      5
    ],
    [
      0,
      0,
      0
    ],
    [
      5,
      5,
      5
    ]
  ],
  "predictedOutput1": [],
  "predictedOutput2": [],
  "predictedOutput3": [],
  "solvingStrategy": "1. Iterate over each row of the input grid.\n2. Check if all three cells in the row have the same value.\n3. If they are identical, set the entire corresponding output row to 5s; otherwise set it to 0s.\n4. Return the assembled output grid.",
  "patternDescription": "Rows with all three cells the same become rows of 5s; all other rows become rows of 0s.",
  "hints": [
    "for each row: if row[0]==row[1]==row[2] then fill row with 5 else fill with 0",
    "Monochrome rows light up as 5s; mixed rows turn off to 0s.",
    "🔲🔲🔲➡5 🔲🔳🔲➡0"
  ],
  "confidence": 100,
  "apiProcessingTimeMs": 11379,
  "predictedOutputGrid": [
    [
      5,
      5,
      5
    ],
    [
      0,
      0,
      0
    ],
    [
      5,
      5,
      5
    ]
  ],
  "hasMultiplePredictions": false,
  "isPredictionCorrect": true,
  "predictionAccuracyScore": 1
}