{
  "model": "o3-mini-2025-01-31",
  "reasoningLog": null,
  "hasReasoningLog": false,
  "temperature": 0.2,
  "reasoningEffort": null,
  "reasoningVerbosity": null,
  "reasoningSummaryType": null,
  "inputTokens": 1144,
  "outputTokens": 1519,
  "reasoningTokens": 1152,
  "totalTokens": 3815,
  "estimatedCost": 0.007942000000000001,
  "status": "completed",
  "incomplete": false,
  "reasoningItems": [
    "Examined each training example and noted that rows with all identical numbers become rows of 5s in the output and non-uniform rows become rows of 0s.",
    "Verified the pattern with all given examples.",
    "Applied the discovered rule to the test input: first and third rows are uniform so become [5,5,5] and the middle row is non-uniform becoming [0,0,0]."
  ],
  "multiplePredictedOutputs": null,
  "predictedOutput": [
    [
      5,
      5,
      5
    ],
    [
      0,
      0,
      0
    ],
    [
      5,
      5,
      5
    ]
  ],
  "predictedOutput1": [],
  "predictedOutput2": [],
  "predictedOutput3": [],
  "solvingStrategy": "For each row in the input grid, check if all elements in the row are identical. If they are identical, change the entire row to 5s; if not, change the entire row to 0s. Apply this rule row by row to the test grid.",
  "patternDescription": "Each row is replaced with 5s if every element is the same; otherwise it is replaced with 0s.",
  "hints": [
    "For each row in grid: if row[0]==row[1]==row[2] then set row to [5,5,5] else set row to [0,0,0].",
    "If all cells in a row are equal, assign that row a value of 5; if not, assign it a 0.",
    "🔍➡️5 / ❌➡️0"
  ],
  "confidence": 100,
  "apiProcessingTimeMs": 17116,
  "predictedOutputGrid": [
    [
      5,
      5,
      5
    ],
    [
      0,
      0,
      0
    ],
    [
      5,
      5,
      5
    ]
  ],
  "hasMultiplePredictions": false,
  "isPredictionCorrect": true,
  "predictionAccuracyScore": 1
}