{
  "model": "o3-2025-04-16",
  "reasoningLog": "[object Object],[object Object]",
  "hasReasoningLog": true,
  "temperature": 0.2,
  "reasoningEffort": null,
  "reasoningVerbosity": null,
  "reasoningSummaryType": null,
  "inputTokens": 1144,
  "outputTokens": 1006,
  "reasoningTokens": 640,
  "totalTokens": 2790,
  "estimatedCost": 0.010336,
  "status": "completed",
  "incomplete": false,
  "reasoningItems": [
    "Observed that every output row is either all 5s or all 0s.",
    "Compared input rows: rows with three identical numbers map to 5s, mixed-number rows map to 0s.",
    "Confirmed the rule across all four training examples.",
    "To solve the test case, checked each row’s uniformity and wrote 5 or 0 accordingly.",
    "Constructed the final 3×3 grid [[5,5,5],[0,0,0],[5,5,5]]."
  ],
  "multiplePredictedOutputs": null,
  "predictedOutput": [
    [
      5,
      5,
      5
    ],
    [
      0,
      0,
      0
    ],
    [
      5,
      5,
      5
    ]
  ],
  "predictedOutput1": [],
  "predictedOutput2": [],
  "predictedOutput3": [],
  "solvingStrategy": "For each row in the 3×3 grid, test whether all three cells contain the same colour value.   • If row[i][0]==row[i][1]==row[i][2] → set the entire output row to colour 5.   • Otherwise set the entire output row to colour 0.   Apply this independently to the three rows to build the 3×3 output grid.",
  "patternDescription": "Rows that are uniform become 5s; others become 0s.",
  "hints": [
    "Algorithm: for each row, if len(set(row))==1 → fill with 5 else fill with 0.",
    "Mathematical view: output_row = 5·[uni(row)]+0·[1-uni(row)], where uni(row)=1 if all entries equal, 0 otherwise.",
    "🤖➡️👀 rows; ✅ same? ➡️5️⃣; ❌ mixed? ➡️0️⃣"
  ],
  "confidence": 90,
  "apiProcessingTimeMs": 11110,
  "predictedOutputGrid": [
    [
      5,
      5,
      5
    ],
    [
      0,
      0,
      0
    ],
    [
      5,
      5,
      5
    ]
  ],
  "hasMultiplePredictions": false,
  "isPredictionCorrect": true,
  "predictionAccuracyScore": 0.95
}