{
  "model": "o4-mini-2025-04-16",
  "reasoningLog": "[object Object]",
  "hasReasoningLog": true,
  "temperature": 0.2,
  "reasoningEffort": null,
  "reasoningVerbosity": null,
  "reasoningSummaryType": null,
  "inputTokens": 1144,
  "outputTokens": 1230,
  "reasoningTokens": 896,
  "totalTokens": 3270,
  "estimatedCost": 0.0066704,
  "status": "completed",
  "incomplete": false,
  "reasoningItems": [
    "Observed that output rows are either all 5s or all 0s.",
    "Noticed that rows with identical values in all three positions map to 5s.",
    "Rows with any variation map to 0s.",
    "Test input row1 and row3 are uniform, row2 is not.",
    "Thus only row1 and row3 become 5s, row2 becomes 0s."
  ],
  "multiplePredictedOutputs": null,
  "predictedOutput": [
    [
      5,
      5,
      5
    ],
    [
      0,
      0,
      0
    ],
    [
      5,
      5,
      5
    ]
  ],
  "predictedOutput1": [],
  "predictedOutput2": [],
  "predictedOutput3": [],
  "solvingStrategy": "1. For each training example, scan each row. 2. Check if all three cells in the row have the same value. 3. In the output grid, set that entire row to 5 if uniform, otherwise set to 0. 4. Apply the same rule to the test input to generate the predicted output grid.",
  "patternDescription": "Rows where all three values are identical become rows of 5; all other rows become rows of 0.",
  "hints": [
    "Algorithm: For each row, if row[0]==row[1]==row[2] then outputRow = [5,5,5] else outputRow = [0,0,0].",
    "Description: Mark rows with all identical entries as 5s and others as 0s.",
    "Emojis: 🔍➖➖ equal ➡️ 5️⃣; otherwise ➡️ 0️⃣"
  ],
  "confidence": 90,
  "apiProcessingTimeMs": 11924,
  "predictedOutputGrid": [
    [
      5,
      5,
      5
    ],
    [
      0,
      0,
      0
    ],
    [
      5,
      5,
      5
    ]
  ],
  "hasMultiplePredictions": false,
  "isPredictionCorrect": true,
  "predictionAccuracyScore": 0.95
}