{
  "model": "grok-4-0709",
  "reasoningLog": null,
  "hasReasoningLog": false,
  "temperature": 0.2,
  "reasoningEffort": null,
  "reasoningVerbosity": null,
  "reasoningSummaryType": null,
  "inputTokens": 1768,
  "outputTokens": 597,
  "reasoningTokens": null,
  "totalTokens": 2365,
  "estimatedCost": 0.014258999999999999,
  "reasoningItems": [
    "Observed structure: Rows above all-5s are data, all-5s separator, below are zero rows.",
    "Output modifies only the very last zero row by placing a number in the center.",
    "In example 1: Numbers 2 (twice), 3 (once); most frequent 2, placed in center.",
    "In example 2: 4 appears 4 times, most frequent, placed in center.",
    "In example 3: 1 appears 5 times, most frequent, placed in center.",
    "For test: Counted frequencies: 9:6, 1:5, 2:5, 4:5, others less.",
    "Most frequent 9, place in center (index 4) of last row.",
    "Considered if tie-breaking needed, but no tie here.",
    "Considered if only non-5 numbers, but 5 not in data.",
    "Pattern consistent across varying numbers of data rows and zero rows."
  ],
  "multiplePredictedOutputs": null,
  "predictedOutput": [
    [
      9,
      1,
      2,
      8,
      4,
      9,
      8,
      2,
      1
    ],
    [
      4,
      4,
      3,
      1,
      2,
      7,
      6,
      7,
      9
    ],
    [
      2,
      1,
      6,
      9,
      7,
      8,
      4,
      3,
      6
    ],
    [
      9,
      8,
      6,
      3,
      4,
      2,
      9,
      1,
      7
    ],
    [
      5,
      5,
      5,
      5,
      5,
      5,
      5,
      5,
      5
    ],
    [
      0,
      0,
      0,
      0,
      0,
      0,
      0,
      0,
      0
    ],
    [
      0,
      0,
      0,
      0,
      0,
      0,
      0,
      0,
      0
    ],
    [
      0,
      0,
      0,
      0,
      0,
      0,
      0,
      0,
      0
    ],
    [
      0,
      0,
      0,
      0,
      9,
      0,
      0,
      0,
      0
    ]
  ],
  "predictedOutput1": [],
  "predictedOutput2": [],
  "predictedOutput3": [],
  "solvingStrategy": "Define data_rows as all rows above the all-5s row. Compute frequency of each number in data_rows. Select mode (most frequent number). In the last row of the grid, place mode at center index (floor(cols/2)), set others to 0. Copy all other rows unchanged.",
  "patternDescription": "The transformation identifies the most frequent number in the cells of the rows above the all-5s row and places it in the center of the very last row, leaving the rest of the last row as 0 and all other rows unchanged.",
  "hints": [
    "Best: Count frequencies of all numbers in data rows, pick max, place in last row center. This fits all training examples perfectly.",
    "Alternative: Compute mode per column and place in last row. Rejected because it doesn't match; e.g., in example 2, center column modes don't yield 4.",
    "Alternative: Copy the number from the center of the top data row. Rejected as it fails example 3 (would place 6, but output is 1)."
  ],
  "confidence": 95,
  "apiProcessingTimeMs": 100212,
  "predictedOutputGrid": [
    [
      9,
      1,
      2,
      8,
      4,
      9,
      8,
      2,
      1
    ],
    [
      4,
      4,
      3,
      1,
      2,
      7,
      6,
      7,
      9
    ],
    [
      2,
      1,
      6,
      9,
      7,
      8,
      4,
      3,
      6
    ],
    [
      9,
      8,
      6,
      3,
      4,
      2,
      9,
      1,
      7
    ],
    [
      5,
      5,
      5,
      5,
      5,
      5,
      5,
      5,
      5
    ],
    [
      0,
      0,
      0,
      0,
      0,
      0,
      0,
      0,
      0
    ],
    [
      0,
      0,
      0,
      0,
      0,
      0,
      0,
      0,
      0
    ],
    [
      0,
      0,
      0,
      0,
      0,
      0,
      0,
      0,
      0
    ],
    [
      0,
      0,
      0,
      0,
      9,
      0,
      0,
      0,
      0
    ]
  ],
  "hasMultiplePredictions": false,
  "isPredictionCorrect": true,
  "predictionAccuracyScore": 0.975
}