{
  "model": "o4-mini-2025-04-16",
  "reasoningLog": "[object Object],[object Object],[object Object],[object Object]",
  "hasReasoningLog": true,
  "temperature": 0.2,
  "reasoningEffort": null,
  "reasoningVerbosity": null,
  "reasoningSummaryType": null,
  "inputTokens": 1660,
  "outputTokens": 11648,
  "reasoningTokens": 11136,
  "totalTokens": 24444,
  "estimatedCost": 0.053077200000000005,
  "status": "completed",
  "incomplete": false,
  "reasoningItems": [],
  "multiplePredictedOutputs": [
    [
      [
        1,
        0,
        0
      ],
      [
        0,
        1,
        0
      ],
      [
        0,
        0,
        0
      ]
    ],
    [
      [
        1,
        0,
        0
      ],
      [
        0,
        1,
        0
      ],
      [
        0,
        0,
        1
      ]
    ]
  ],
  "predictedOutput": [],
  "predictedOutput1": [
    [
      1,
      0,
      0
    ],
    [
      0,
      1,
      0
    ],
    [
      0,
      0,
      0
    ]
  ],
  "predictedOutput2": [
    [
      1,
      0,
      0
    ],
    [
      0,
      1,
      0
    ],
    [
      0,
      0,
      1
    ]
  ],
  "predictedOutput3": [],
  "solvingStrategy": "We observe that all training outputs are 3×3 matrices with ones limited to the main diagonal. The number of ones equals the count of 2×2 contiguous blocks of color 3 (value=3) in the input. Specifically: 1) scan the input grid for all 2×2 sub-blocks where all four cells==3; 2) let k be this count; 3) construct a 3×3 zero matrix and set cells (i,i)=1 for i from 0 to k−1. We verify this matches all five training examples. We apply the same procedure to each test input to produce the outputs.",
  "keySteps": [
    "List all 2×2 regions in the input.",
    "Identify regions where all four cells equal 3.",
    "Count these blue (3) blocks as k.",
    "Create a 3×3 zero matrix, then set main‐diagonal entries (0,0),(1,1),… up to k−1 to 1.",
    "Produce the resulting 3×3 matrix."
  ],
  "patternDescription": "Count the number of 2×2 uniform blocks of the target color (3) in the input. The output is always a 3×3 matrix with ones on the main diagonal for the first k positions, where k is the count of those 2×2 blue blocks; all other entries are zero.",
  "hints": [
    "#1 Pseudocode: for each 2×2 window if all==3 increment k; build 3×3 zeros; for i in range(k): set out[i][i]=1",
    "#2 Math: Let S={ (r,c): grid[r:r+2,c:c+2]≡3 }. k=|S|. Output M∈{0,1}^{3×3}, M_{i,i}=1 for i<k, else 0.",
    "#3 Emojis: 🔍📦2×2🔵➕➕➕=k ➡️➰3×3⬜ ➡️✅⬜ on diagonal k times"
  ],
  "confidence": 89,
  "apiProcessingTimeMs": 106212,
  "predictedOutputGrid": [
    [
      [
        1,
        0,
        0
      ],
      [
        0,
        1,
        0
      ],
      [
        0,
        0,
        0
      ]
    ],
    [
      [
        1,
        0,
        0
      ],
      [
        0,
        1,
        0
      ],
      [
        0,
        0,
        1
      ]
    ]
  ],
  "hasMultiplePredictions": true,
  "predictedOutputGrids": [
    [
      [
        1,
        0,
        0
      ],
      [
        0,
        1,
        0
      ],
      [
        0,
        0,
        0
      ]
    ],
    [
      [
        1,
        0,
        0
      ],
      [
        0,
        1,
        0
      ],
      [
        0,
        0,
        1
      ]
    ]
  ],
  "multiValidation": [
    {
      "index": 0,
      "predictedGrid": [
        [
          1,
          0,
          0
        ],
        [
          0,
          1,
          0
        ],
        [
          0,
          0,
          0
        ]
      ],
      "isPredictionCorrect": true,
      "predictionAccuracyScore": 0.9450000000000001,
      "extractionMethod": "arcJsonSchema_clean",
      "expectedDimensions": {
        "rows": 3,
        "cols": 3
      }
    },
    {
      "index": 1,
      "predictedGrid": [
        [
          1,
          0,
          0
        ],
        [
          0,
          1,
          0
        ],
        [
          0,
          0,
          1
        ]
      ],
      "isPredictionCorrect": true,
      "predictionAccuracyScore": 0.9450000000000001,
      "extractionMethod": "arcJsonSchema_clean",
      "expectedDimensions": {
        "rows": 3,
        "cols": 3
      }
    }
  ],
  "multiTestResults": [
    {
      "index": 0,
      "predictedGrid": [
        [
          1,
          0,
          0
        ],
        [
          0,
          1,
          0
        ],
        [
          0,
          0,
          0
        ]
      ],
      "isPredictionCorrect": true,
      "predictionAccuracyScore": 0.9450000000000001,
      "extractionMethod": "arcJsonSchema_clean",
      "expectedDimensions": {
        "rows": 3,
        "cols": 3
      }
    },
    {
      "index": 1,
      "predictedGrid": [
        [
          1,
          0,
          0
        ],
        [
          0,
          1,
          0
        ],
        [
          0,
          0,
          1
        ]
      ],
      "isPredictionCorrect": true,
      "predictionAccuracyScore": 0.9450000000000001,
      "extractionMethod": "arcJsonSchema_clean",
      "expectedDimensions": {
        "rows": 3,
        "cols": 3
      }
    }
  ],
  "multiTestAllCorrect": true,
  "multiTestAverageAccuracy": 0.9450000000000001,
  "modelKey": "o4-mini-2025-04-16",
  "actualProcessingTime": 172
}