{
  "model": "o3-2025-04-16",
  "reasoningLog": "[object Object],[object Object],[object Object]",
  "hasReasoningLog": true,
  "temperature": 0.2,
  "reasoningEffort": null,
  "reasoningVerbosity": null,
  "reasoningSummaryType": null,
  "inputTokens": 1660,
  "outputTokens": 4866,
  "reasoningTokens": 4352,
  "totalTokens": 10878,
  "estimatedCost": 0.042247999999999994,
  "status": "completed",
  "incomplete": false,
  "reasoningItems": [],
  "multiplePredictedOutputs": [
    [
      [
        1,
        0,
        0
      ],
      [
        0,
        1,
        0
      ],
      [
        0,
        0,
        0
      ]
    ],
    [
      [
        1,
        0,
        0
      ],
      [
        0,
        1,
        0
      ],
      [
        0,
        0,
        1
      ]
    ]
  ],
  "predictedOutput": [],
  "predictedOutput1": [
    [
      1,
      0,
      0
    ],
    [
      0,
      1,
      0
    ],
    [
      0,
      0,
      0
    ]
  ],
  "predictedOutput2": [
    [
      1,
      0,
      0
    ],
    [
      0,
      1,
      0
    ],
    [
      0,
      0,
      1
    ]
  ],
  "predictedOutput3": [],
  "solvingStrategy": "The output is a fixed 3×3 binary grid whose diagonal reflects how many 2×2 uniform blocks of colour 3 exist in the input.  1. Scan each training input; for every (r,c) check the 2×2 window (r,c),(r,c+1),(r+1,c),(r+1,c+1). 2. Count how many of those windows are entirely colour-3. 3. The output grid starts as all zeros; set the first n diagonal cells to 1, where n is that count, truncated at 3 (grid size).  Training examples show counts of 1→[1,0,0], 2→[1,1,0], 3→[1,1,1] on the diagonal.  Apply the same to the tests.",
  "keySteps": [
    "Noticed outputs are always 3×3 and only diagonal cells can be 1.",
    "Compared outputs: 1,2,3 ones correspond to different inputs → look for a counting feature.",
    "Checked for colour-3 patterns; found each ‘1’ matches a 2×2 all-3 block.",
    "Validated on all training inputs.",
    "Implemented sliding-window count for each test grid.",
    "Generated diagonal-encoded 3×3 outputs for each test."
  ],
  "patternDescription": "Count the number (max 3) of 2×2 squares filled with colour 3. Encode that count as ones on the main diagonal of a 3×3 zero grid.",
  "hints": [
    "Algorithm: for r=0..h-2 for c=0..w-2 if all four cells==3 then count++ ; output[i][i]=1 for i<count.",
    "Math: output = diag(min(3, Σ_{r,c} Π_{dr,dc∈{0,1}} [grid_{r+dr,c+dc}=3]))",
    "🤔➡️🔍2x2🟩🟩🟩🟩 ➡️📊count ➡️📐↘️1️⃣"
  ],
  "confidence": 82,
  "apiProcessingTimeMs": 77317,
  "predictedOutputGrid": [
    [
      [
        1,
        0,
        0
      ],
      [
        0,
        1,
        0
      ],
      [
        0,
        0,
        0
      ]
    ],
    [
      [
        1,
        0,
        0
      ],
      [
        0,
        1,
        0
      ],
      [
        0,
        0,
        1
      ]
    ]
  ],
  "hasMultiplePredictions": true,
  "predictedOutputGrids": [
    [
      [
        1,
        0,
        0
      ],
      [
        0,
        1,
        0
      ],
      [
        0,
        0,
        0
      ]
    ],
    [
      [
        1,
        0,
        0
      ],
      [
        0,
        1,
        0
      ],
      [
        0,
        0,
        1
      ]
    ]
  ],
  "multiValidation": [
    {
      "index": 0,
      "predictedGrid": [
        [
          1,
          0,
          0
        ],
        [
          0,
          1,
          0
        ],
        [
          0,
          0,
          0
        ]
      ],
      "isPredictionCorrect": true,
      "predictionAccuracyScore": 0.9099999999999999,
      "extractionMethod": "arcJsonSchema_clean",
      "expectedDimensions": {
        "rows": 3,
        "cols": 3
      }
    },
    {
      "index": 1,
      "predictedGrid": [
        [
          1,
          0,
          0
        ],
        [
          0,
          1,
          0
        ],
        [
          0,
          0,
          1
        ]
      ],
      "isPredictionCorrect": true,
      "predictionAccuracyScore": 0.9099999999999999,
      "extractionMethod": "arcJsonSchema_clean",
      "expectedDimensions": {
        "rows": 3,
        "cols": 3
      }
    }
  ],
  "multiTestResults": [
    {
      "index": 0,
      "predictedGrid": [
        [
          1,
          0,
          0
        ],
        [
          0,
          1,
          0
        ],
        [
          0,
          0,
          0
        ]
      ],
      "isPredictionCorrect": true,
      "predictionAccuracyScore": 0.9099999999999999,
      "extractionMethod": "arcJsonSchema_clean",
      "expectedDimensions": {
        "rows": 3,
        "cols": 3
      }
    },
    {
      "index": 1,
      "predictedGrid": [
        [
          1,
          0,
          0
        ],
        [
          0,
          1,
          0
        ],
        [
          0,
          0,
          1
        ]
      ],
      "isPredictionCorrect": true,
      "predictionAccuracyScore": 0.9099999999999999,
      "extractionMethod": "arcJsonSchema_clean",
      "expectedDimensions": {
        "rows": 3,
        "cols": 3
      }
    }
  ],
  "multiTestAllCorrect": true,
  "multiTestAverageAccuracy": 0.9099999999999999,
  "modelKey": "o3-2025-04-16",
  "actualProcessingTime": 153
}