{
  "model": "grok-3-mini-fast",
  "reasoningLog": null,
  "hasReasoningLog": false,
  "temperature": 0.2,
  "reasoningEffort": null,
  "reasoningVerbosity": null,
  "reasoningSummaryType": null,
  "inputTokens": 1302,
  "outputTokens": 640,
  "reasoningTokens": null,
  "totalTokens": 1942,
  "estimatedCost": 0.0033412000000000003,
  "multiplePredictedOutputs": [
    [
      [
        1,
        0,
        0
      ],
      [
        0,
        1,
        0
      ],
      [
        0,
        0,
        0
      ]
    ],
    [
      [
        1,
        0,
        0
      ],
      [
        0,
        1,
        0
      ],
      [
        0,
        0,
        1
      ]
    ]
  ],
  "predictedOutput": [],
  "predictedOutput1": [
    [
      1,
      0,
      0
    ],
    [
      0,
      1,
      0
    ],
    [
      0,
      0,
      0
    ]
  ],
  "predictedOutput2": [
    [
      1,
      0,
      0
    ],
    [
      0,
      1,
      0
    ],
    [
      0,
      0,
      1
    ]
  ],
  "predictedOutput3": [],
  "solvingStrategy": "Examined the training examples to identify that each output is a 3x3 grid with 1s placed on the main diagonal up to a variable number k, which appears to correlate with the complexity or number of distinct patterns (such as groups of 2s and 3s) in the input grids. Applied this pattern to the test inputs by estimating k based on the presence and arrangement of numbers like 2 and 3, then generated the predicted 3x3 outputs accordingly.",
  "keySteps": [
    "First, reviewed all training inputs and outputs to note that outputs are always 3x3 grids with 1s only on the main diagonal, and the number of 1s varies (e.g., 1, 2, or 3)",
    "Identified that the number of 1s (k) seems related to the quantity or arrangement of numbers like 3 and 2 in the input, such as connected components or distinct shapes, though exact rule was unclear",
    "Considered incorrect approaches like counting total 3s (which didn't match k) before settling on pattern similarity",
    "For Test 1 input, observed multiple groups of 3s and 2s, estimating k=2 based on similarity to Example 1",
    "For Test 2 input, noted more complex arrangements, estimating k=3 based on similarity to Example 3",
    "Generated outputs by placing 1s on the diagonal up to the estimated k"
  ],
  "patternDescription": "The transformation rule produces a 3x3 output grid where 1s are placed on the main diagonal (positions [0,0], [1,1], [2,2]) up to k positions, with k determined by the number of distinct patterns or connected components of numbers like 2 and 3 in the input grid. All other positions are 0. For the test cases, k was estimated as 2 for Test 1 and 3 for Test 2 based on visual similarity to training examples.",
  "hints": [
    "Best: Loop through input grid to count connected components of 3s or 2s as k; then for a 3x3 grid, set output[i][j] = 1 if i == j and i < k, else 0",
    "As math: Let k = count of distinct connected regions in input; Output matrix A where A[i][j] = 1 if i == j and i < k, otherwise 0",
    "As emojis: 🔍 Scan input for clusters of 2️⃣ or 3️⃣, 🧮 Tally as k, 🏗 Create 3x3 with ✅ on diagonal up to k spots"
  ],
  "confidence": 50,
  "apiProcessingTimeMs": 22458,
  "predictedOutputGrid": [
    [
      [
        1,
        0,
        0
      ],
      [
        0,
        1,
        0
      ],
      [
        0,
        0,
        0
      ]
    ],
    [
      [
        1,
        0,
        0
      ],
      [
        0,
        1,
        0
      ],
      [
        0,
        0,
        1
      ]
    ]
  ],
  "hasMultiplePredictions": true,
  "predictedOutputGrids": [
    [
      [
        1,
        0,
        0
      ],
      [
        0,
        1,
        0
      ],
      [
        0,
        0,
        0
      ]
    ],
    [
      [
        1,
        0,
        0
      ],
      [
        0,
        1,
        0
      ],
      [
        0,
        0,
        1
      ]
    ]
  ],
  "multiValidation": [
    {
      "index": 0,
      "predictedGrid": [
        [
          1,
          0,
          0
        ],
        [
          0,
          1,
          0
        ],
        [
          0,
          0,
          0
        ]
      ],
      "isPredictionCorrect": true,
      "predictionAccuracyScore": 0.75,
      "extractionMethod": "arcJsonSchema_clean",
      "expectedDimensions": {
        "rows": 3,
        "cols": 3
      }
    },
    {
      "index": 1,
      "predictedGrid": [
        [
          1,
          0,
          0
        ],
        [
          0,
          1,
          0
        ],
        [
          0,
          0,
          1
        ]
      ],
      "isPredictionCorrect": true,
      "predictionAccuracyScore": 0.75,
      "extractionMethod": "arcJsonSchema_clean",
      "expectedDimensions": {
        "rows": 3,
        "cols": 3
      }
    }
  ],
  "multiTestResults": [
    {
      "index": 0,
      "predictedGrid": [
        [
          1,
          0,
          0
        ],
        [
          0,
          1,
          0
        ],
        [
          0,
          0,
          0
        ]
      ],
      "isPredictionCorrect": true,
      "predictionAccuracyScore": 0.75,
      "extractionMethod": "arcJsonSchema_clean",
      "expectedDimensions": {
        "rows": 3,
        "cols": 3
      }
    },
    {
      "index": 1,
      "predictedGrid": [
        [
          1,
          0,
          0
        ],
        [
          0,
          1,
          0
        ],
        [
          0,
          0,
          1
        ]
      ],
      "isPredictionCorrect": true,
      "predictionAccuracyScore": 0.75,
      "extractionMethod": "arcJsonSchema_clean",
      "expectedDimensions": {
        "rows": 3,
        "cols": 3
      }
    }
  ],
  "multiTestAllCorrect": true,
  "multiTestAverageAccuracy": 0.75,
  "modelKey": "grok-3-mini-fast",
  "actualProcessingTime": 22
}