{
  "model": "o3-mini-2025-01-31",
  "reasoningLog": "[object Object],[object Object],[object Object],[object Object]",
  "hasReasoningLog": true,
  "temperature": 0.2,
  "reasoningEffort": null,
  "reasoningVerbosity": null,
  "reasoningSummaryType": null,
  "inputTokens": 1660,
  "outputTokens": 14966,
  "reasoningTokens": 14080,
  "totalTokens": 30706,
  "estimatedCost": 0.0676764,
  "status": "completed",
  "incomplete": false,
  "reasoningItems": [],
  "multiplePredictedOutputs": [
    [
      [
        1,
        0,
        0
      ],
      [
        0,
        1,
        0
      ],
      [
        0,
        0,
        0
      ]
    ],
    [
      [
        1,
        0,
        0
      ],
      [
        0,
        1,
        0
      ],
      [
        0,
        0,
        1
      ]
    ]
  ],
  "predictedOutput": [],
  "predictedOutput1": [
    [
      1,
      0,
      0
    ],
    [
      0,
      1,
      0
    ],
    [
      0,
      0,
      0
    ]
  ],
  "predictedOutput2": [
    [
      1,
      0,
      0
    ],
    [
      0,
      1,
      0
    ],
    [
      0,
      0,
      1
    ]
  ],
  "predictedOutput3": [],
  "solvingStrategy": "We observed that in all training examples the output is a fixed 3×3 grid with a diagonal pattern of ones. The number of ones (placed in the top‐left, center, and bottom‐right positions) varies between examples – sometimes one, sometimes two, sometimes three. After exploring several possibilities (including geometric partitioning, row/column sums, or global counts), the most consistent explanation was to count certain connected regions in the input. In particular, if we extract only the cells with value 3 and use 8‑direction connectivity, then (by considering only regions of size 3 or more, with a default of 1 if none qualify) the training examples yield counts that exactly match the number of ones on the output diagonal. For instance, in training examples the groups of 3’s (with size at least 3) were 2 in some cases (yielding an output with ones at (0,0) and (1,1)), 1 in others, or 3 (yielding a full diagonal of ones). Thus the transformation rule is: “Find all contiguous regions (using 8‑neighbor connectivity) of cells with value 3. Count only those regions whose size is at least 3; if no such region exists, use 1 as the count. Then form a 3×3 grid where the first ‘count’ diagonal cells (starting from the top‑left) are set to 1 and all other cells are 0.”  Applying this rule to the two test cases produced the predicted outputs below.",
  "keySteps": [
    "Note that every output is a 3x3 grid with a diagonal of ones.",
    "Explored if the count of ones might come from geometric partitions or overall sums.",
    "Identified that isolating the digit 3 and then grouping using 8‑neighbor connectivity produces groups of various sizes.",
    "Decided to count only groups with at least 3 cells (defaulting to 1 if none qualify).",
    "Matched the counts in training examples (example1 and example4 give 2, example2 and example5 give 1, and example3 gives 3).",
    "Applied the same procedure to the test case inputs to decide the number of ones and thus the diagonal pattern."
  ],
  "patternDescription": "Extract all cells with value 3 and group them into contiguous regions using 8‑neighbor connectivity. Consider only groups with a size of at least 3; if there are none, take the count as 1. Then output a 3x3 grid with that number of ones placed along the main diagonal (starting at position (0,0)), and zeros elsewhere.",
  "hints": [
    "Algorithm (pseudo-code): count = 0; for each cell with value 3 not visited, perform flood-fill (8-neighbors) to count group size; if group_size >=3, increment count; if count==0 then count=1; create a 3x3 grid with ones at positions (i,i) for i in 0..(count-1) and zeros elsewhere.",
    "Math description: Let N be the number of connected regions (using 8-neighbor connectivity) in the set { cell | cell==3 } with region size ≥ 3, with N defaulted to 1 if none exist. Then form a 3×3 matrix A where A[i][i]=1 for i=0,…,N-1 and A[i][j]=0 otherwise.",
    "Emoji description: 🔍➕3️⃣ ÷ 🟦 regions → 🔢 N → 🟩 diagonal: ◼️1️⃣, ◼️1️⃣,..."
  ],
  "confidence": 90,
  "apiProcessingTimeMs": 156097,
  "predictedOutputGrid": [
    [
      [
        1,
        0,
        0
      ],
      [
        0,
        1,
        0
      ],
      [
        0,
        0,
        0
      ]
    ],
    [
      [
        1,
        0,
        0
      ],
      [
        0,
        1,
        0
      ],
      [
        0,
        0,
        1
      ]
    ]
  ],
  "hasMultiplePredictions": true,
  "predictedOutputGrids": [
    [
      [
        1,
        0,
        0
      ],
      [
        0,
        1,
        0
      ],
      [
        0,
        0,
        0
      ]
    ],
    [
      [
        1,
        0,
        0
      ],
      [
        0,
        1,
        0
      ],
      [
        0,
        0,
        1
      ]
    ]
  ],
  "multiValidation": [
    {
      "index": 0,
      "predictedGrid": [
        [
          1,
          0,
          0
        ],
        [
          0,
          1,
          0
        ],
        [
          0,
          0,
          0
        ]
      ],
      "isPredictionCorrect": true,
      "predictionAccuracyScore": 0.95,
      "extractionMethod": "arcJsonSchema_clean",
      "expectedDimensions": {
        "rows": 3,
        "cols": 3
      }
    },
    {
      "index": 1,
      "predictedGrid": [
        [
          1,
          0,
          0
        ],
        [
          0,
          1,
          0
        ],
        [
          0,
          0,
          1
        ]
      ],
      "isPredictionCorrect": true,
      "predictionAccuracyScore": 0.95,
      "extractionMethod": "arcJsonSchema_clean",
      "expectedDimensions": {
        "rows": 3,
        "cols": 3
      }
    }
  ],
  "multiTestResults": [
    {
      "index": 0,
      "predictedGrid": [
        [
          1,
          0,
          0
        ],
        [
          0,
          1,
          0
        ],
        [
          0,
          0,
          0
        ]
      ],
      "isPredictionCorrect": true,
      "predictionAccuracyScore": 0.95,
      "extractionMethod": "arcJsonSchema_clean",
      "expectedDimensions": {
        "rows": 3,
        "cols": 3
      }
    },
    {
      "index": 1,
      "predictedGrid": [
        [
          1,
          0,
          0
        ],
        [
          0,
          1,
          0
        ],
        [
          0,
          0,
          1
        ]
      ],
      "isPredictionCorrect": true,
      "predictionAccuracyScore": 0.95,
      "extractionMethod": "arcJsonSchema_clean",
      "expectedDimensions": {
        "rows": 3,
        "cols": 3
      }
    }
  ],
  "multiTestAllCorrect": true,
  "multiTestAverageAccuracy": 0.95,
  "modelKey": "o3-mini-2025-01-31",
  "actualProcessingTime": 219
}