{
  "model": "o4-mini-2025-04-16",
  "reasoningLog": "[object Object],[object Object],[object Object]",
  "hasReasoningLog": true,
  "temperature": 0.2,
  "reasoningEffort": null,
  "reasoningVerbosity": null,
  "reasoningSummaryType": null,
  "inputTokens": 1158,
  "outputTokens": 1745,
  "reasoningTokens": 1408,
  "totalTokens": 4311,
  "estimatedCost": 0.008951800000000001,
  "status": "completed",
  "incomplete": false,
  "reasoningItems": [
    "Observed that outputs are only 1 or 7.",
    "Examined training patterns of '2's and noted symmetric arrangements always map to 1.",
    "Asymmetric or irregular shapes map to 7.",
    "Test1 is fully symmetric across both axes → should yield 1.",
    "Test2 has '2's only on one side → asymmetric → yield 7."
  ],
  "multiplePredictedOutputs": [
    [
      [
        1
      ]
    ],
    [
      [
        7
      ]
    ]
  ],
  "predictedOutput": [],
  "predictedOutput1": [
    [
      1
    ]
  ],
  "predictedOutput2": [
    [
      7
    ]
  ],
  "predictedOutput3": [],
  "solvingStrategy": "for each test grid:\n  collect coordinates of cells with value 2\n  check symmetry:\n    for each coordinate (r,c):\n      if there is no matching cell (r, width-1-c) for vertical symmetry and no matching cell (height-1-r, c) for horizontal symmetry:\n        set symmetric=false\n        break\n  if symmetric: output = 1 else output = 7\n  return [[output]]",
  "patternDescription": "If the arrangement of 2's is symmetric across the central row or column, output 1; otherwise output 7.",
  "hints": [
    "1. Check horizontal and vertical symmetry of the 2's: if symmetric return 1 else return 7.",
    "2. Count 2's in each quadrant and compare counts: good heuristic but fails for symmetric patterns that span quadrants uniformly.",
    "3. Match the shape of 2's against a catalog of known shapes (cross, line, L, Z): too complex to implement for arbitrary patterns."
  ],
  "confidence": 80,
  "apiProcessingTimeMs": 19554,
  "predictedOutputGrid": [
    [
      [
        1
      ]
    ],
    [
      [
        7
      ]
    ]
  ],
  "hasMultiplePredictions": true,
  "predictedOutputGrids": [
    [
      [
        1
      ]
    ],
    [
      [
        7
      ]
    ]
  ],
  "multiValidation": [
    {
      "index": 0,
      "predictedGrid": [
        [
          1
        ]
      ],
      "isPredictionCorrect": true,
      "predictionAccuracyScore": 0.9,
      "extractionMethod": "arcJsonSchema_clean",
      "expectedDimensions": {
        "rows": 1,
        "cols": 1
      }
    },
    {
      "index": 1,
      "predictedGrid": [
        [
          7
        ]
      ],
      "isPredictionCorrect": true,
      "predictionAccuracyScore": 0.9,
      "extractionMethod": "arcJsonSchema_clean",
      "expectedDimensions": {
        "rows": 1,
        "cols": 1
      }
    }
  ],
  "multiTestResults": [
    {
      "index": 0,
      "predictedGrid": [
        [
          1
        ]
      ],
      "isPredictionCorrect": true,
      "predictionAccuracyScore": 0.9,
      "extractionMethod": "arcJsonSchema_clean",
      "expectedDimensions": {
        "rows": 1,
        "cols": 1
      }
    },
    {
      "index": 1,
      "predictedGrid": [
        [
          7
        ]
      ],
      "isPredictionCorrect": true,
      "predictionAccuracyScore": 0.9,
      "extractionMethod": "arcJsonSchema_clean",
      "expectedDimensions": {
        "rows": 1,
        "cols": 1
      }
    }
  ],
  "multiTestAllCorrect": true,
  "multiTestAverageAccuracy": 0.9
}