{
  "model": "o3-mini-2025-01-31",
  "reasoningLog": "[object Object],[object Object],[object Object]",
  "hasReasoningLog": true,
  "temperature": 0.2,
  "reasoningEffort": null,
  "reasoningVerbosity": null,
  "reasoningSummaryType": null,
  "inputTokens": 1158,
  "outputTokens": 3441,
  "reasoningTokens": 3008,
  "totalTokens": 7607,
  "estimatedCost": 0.0164142,
  "status": "completed",
  "incomplete": false,
  "reasoningItems": [
    "Observed from training examples that outputs are either 1 or 7.",
    "Noticed that Example1 and Example3, which yield 1, have all four corner cells equal to 2, while Example4 with no 2's in any corner also gives 1.",
    "Training examples that produce 7 have mixed values in the corners (at least one corner differs).",
    "Thus the decision rule became: if corners are uniform (all 2 or all 0), output is 1; if not, output is 7.",
    "Applied this rule to both test cases by checking the values at positions (0,0), (0,2), (2,0), and (2,2)."
  ],
  "multiplePredictedOutputs": [
    [
      [
        1
      ]
    ],
    [
      [
        7
      ]
    ]
  ],
  "predictedOutput": [],
  "predictedOutput1": [
    [
      1
    ]
  ],
  "predictedOutput2": [
    [
      7
    ]
  ],
  "predictedOutput3": [],
  "solvingStrategy": "Check the four corner cells. If all four corners have the same value (either all 2 or all 0), then output [[1]]. Otherwise, output [[7]].",
  "patternDescription": "If all four corner cells of the grid are the same (all 2s or all 0s) then the result is 1; otherwise, it is 7.",
  "hints": [
    "Algorithm 1: Extract the corner values and check if they are all identical. If yes, return 1; else, return 7. (Best approach)",
    "Algorithm 2: Sum the corner values and decide based on whether the sum equals 0 or 8 (for three-digit grids where 2s make 8) versus any other sum. This is less direct.",
    "Algorithm 3: Count the number of 2's in corners and return 1 if count is 0 or 4, otherwise return 7. This works but is a derivative of the uniformity check."
  ],
  "confidence": 95,
  "apiProcessingTimeMs": 46146,
  "predictedOutputGrid": [
    [
      [
        1
      ]
    ],
    [
      [
        7
      ]
    ]
  ],
  "hasMultiplePredictions": true,
  "predictedOutputGrids": [
    [
      [
        1
      ]
    ],
    [
      [
        7
      ]
    ]
  ],
  "multiValidation": [
    {
      "index": 0,
      "predictedGrid": [
        [
          1
        ]
      ],
      "isPredictionCorrect": true,
      "predictionAccuracyScore": 0.975,
      "extractionMethod": "arcJsonSchema_clean",
      "expectedDimensions": {
        "rows": 1,
        "cols": 1
      }
    },
    {
      "index": 1,
      "predictedGrid": [
        [
          7
        ]
      ],
      "isPredictionCorrect": true,
      "predictionAccuracyScore": 0.975,
      "extractionMethod": "arcJsonSchema_clean",
      "expectedDimensions": {
        "rows": 1,
        "cols": 1
      }
    }
  ],
  "multiTestResults": [
    {
      "index": 0,
      "predictedGrid": [
        [
          1
        ]
      ],
      "isPredictionCorrect": true,
      "predictionAccuracyScore": 0.975,
      "extractionMethod": "arcJsonSchema_clean",
      "expectedDimensions": {
        "rows": 1,
        "cols": 1
      }
    },
    {
      "index": 1,
      "predictedGrid": [
        [
          7
        ]
      ],
      "isPredictionCorrect": true,
      "predictionAccuracyScore": 0.975,
      "extractionMethod": "arcJsonSchema_clean",
      "expectedDimensions": {
        "rows": 1,
        "cols": 1
      }
    }
  ],
  "multiTestAllCorrect": true,
  "multiTestAverageAccuracy": 0.975
}