{
  "model": "o4-mini-2025-04-16",
  "reasoningLog": "[object Object],[object Object]",
  "hasReasoningLog": true,
  "temperature": 0.2,
  "reasoningEffort": null,
  "reasoningVerbosity": null,
  "reasoningSummaryType": null,
  "inputTokens": 1196,
  "outputTokens": 3114,
  "reasoningTokens": 2624,
  "totalTokens": 6934,
  "estimatedCost": 0.015017200000000001,
  "status": "completed",
  "incomplete": false,
  "reasoningItems": [
    "Observed each training output is a 4x4 Latin square: each row and column contains 1–4 exactly once.",
    "Zeros mark blanks to be filled so that each row and column completes the set {1,2,3,4}.",
    "Example2 row3 and Example3 row2 required column constraints to decide fill order, not simple left-to-right ascending.",
    "Thus global rule: complete the Latin square by filling zeros respecting row and column uniqueness.",
    "Applied to test: row1 had one blank → placed the only missing (4).",
    "Then used column constraints for row2 zeros → placed 2 and 4 appropriately.",
    "Row3 had one blank → placed 2. Row4 blanks determined by col0 then remaining → placed 1 and 3.",
    "Verified each row and column now contains 1–4 exactly once."
  ],
  "multiplePredictedOutputs": null,
  "predictedOutput": [
    [
      4,
      1,
      2,
      3
    ],
    [
      2,
      3,
      1,
      4
    ],
    [
      3,
      2,
      4,
      1
    ],
    [
      1,
      4,
      3,
      2
    ]
  ],
  "predictedOutput1": [],
  "predictedOutput2": [],
  "predictedOutput3": [],
  "solvingStrategy": "1. Let n=4. 2. While zeros remain:  a. For each cell (i,j) with value 0, compute missingRow = {1..n} \\ values in row i, missingCol = {1..n} \\ values in col j.  b. candidates = missingRow ∩ missingCol.  c. If candidates has exactly one element, fill the cell with it. 3. Repeat until no zeros. 4. The result is a completed Latin square.",
  "patternDescription": "Fill zeros so that the grid becomes a Latin square: every row and column contains each number 1–4 exactly once.",
  "hints": [
    "Pseudocode: For each zero cell, let candidates = {1..4}\\(row∪column); if one candidate, fill it; repeat.",
    "Math: For each (i,j) with a_ij=0, assign a_ij = {1,…,4} \\ (R_i ∪ C_j).",
    "Emoji: 🟦➕🔢➖🚫🔢➡️每行每列1️⃣2️⃣3️⃣4️⃣✅"
  ],
  "confidence": 95,
  "apiProcessingTimeMs": 28881,
  "predictedOutputGrid": [
    [
      4,
      1,
      2,
      3
    ],
    [
      2,
      3,
      1,
      4
    ],
    [
      3,
      2,
      4,
      1
    ],
    [
      1,
      4,
      3,
      2
    ]
  ],
  "hasMultiplePredictions": false,
  "isPredictionCorrect": true,
  "predictionAccuracyScore": 0.975
}