{
  "model": "o3-2025-04-16",
  "reasoningLog": "[object Object],[object Object],[object Object],[object Object]",
  "hasReasoningLog": true,
  "temperature": 0.2,
  "reasoningEffort": null,
  "reasoningVerbosity": null,
  "reasoningSummaryType": null,
  "inputTokens": 1196,
  "outputTokens": 6399,
  "reasoningTokens": 5888,
  "totalTokens": 13483,
  "estimatedCost": 0.053584,
  "status": "completed",
  "incomplete": false,
  "reasoningItems": [
    "Observed that each training output is a 4×4 Latin square (every colour appears once per row/column).",
    "Noted that the non-zero entries of the input already fit the corresponding output; zeros are simply the missing numbers.",
    "Saw that different examples end up in different Latin-square variants, so the rule is not a fixed template but the unique square that respects the given clues.",
    "Checked that in each example the completed square is the lexicographically first (row-wise) of all squares that satisfy the clues.",
    "Implemented a row-wise greedy filling: for each blank cell choose the smallest number that keeps row and column valid – this reproduced all training outputs.",
    "Applied the same procedure to the test grid, obtaining a single consistent completion."
  ],
  "multiplePredictedOutputs": null,
  "predictedOutput": [
    [
      4,
      1,
      2,
      3
    ],
    [
      2,
      3,
      1,
      4
    ],
    [
      3,
      2,
      4,
      1
    ],
    [
      1,
      4,
      3,
      2
    ]
  ],
  "predictedOutput1": [],
  "predictedOutput2": [],
  "predictedOutput3": [],
  "solvingStrategy": "1. Treat the grid as a 4×4 Latin-square that must contain every colour 1-4 exactly once in each row and column.\n2. Copy all non-zero cells from the input.\n3. For every zero cell keep the two sets:  A) numbers still missing in its row,  B) numbers still missing in its column;  the only legal values are the intersection of the two sets.\n4. Because the order is only 4, iterate row by row from top-left to bottom-right, always choosing the smallest legal value; this greedy choice gives the lexicographically smallest square and matches all training outputs.\n5. Continue until no zeros remain – the grid is then a complete Latin square consistent with the original clues.",
  "patternDescription": "Replace every 0 so that each row and column ends with the numbers 1-4 once each; always pick the smallest legal value first.",
  "hints": [
    "Algorithm: while zeros exist, scan cells row-wise and place the lowest colour that is still missing from both its row and its column.",
    "Math view: complete a 4×4 Latin square constrained by the pre-filled entries; choose the lexicographically minimum solution.",
    "🔢➡️🟥🟦🟩🟨  🎯📏⬇️"
  ],
  "confidence": 88,
  "apiProcessingTimeMs": 144050,
  "predictedOutputGrid": [
    [
      4,
      1,
      2,
      3
    ],
    [
      2,
      3,
      1,
      4
    ],
    [
      3,
      2,
      4,
      1
    ],
    [
      1,
      4,
      3,
      2
    ]
  ],
  "hasMultiplePredictions": false,
  "isPredictionCorrect": true,
  "predictionAccuracyScore": 0.94
}