{
  "model": "o3-mini-2025-01-31",
  "reasoningLog": "[object Object],[object Object],[object Object],[object Object]",
  "hasReasoningLog": true,
  "temperature": 0.2,
  "reasoningEffort": null,
  "reasoningVerbosity": null,
  "reasoningSummaryType": null,
  "inputTokens": 1196,
  "outputTokens": 7179,
  "reasoningTokens": 6656,
  "totalTokens": 15031,
  "estimatedCost": 0.0329032,
  "status": "completed",
  "incomplete": false,
  "reasoningItems": [
    "For each row, determine which numbers from 1 to 4 are missing.",
    "Place the nonzero numbers in their given positions.",
    "Set up variables for positions originally zero and note the set of missing numbers per row.",
    "Examine each column across rows to understand which numbers are already present and deduce the missing numbers in each column.",
    "Resolve ordering conflicts by intersecting the possibilities from the row missing sets with the column missing requirements.",
    "Complete the grid ensuring that all rows and columns are permutations of 1,2,3,4."
  ],
  "multiplePredictedOutputs": null,
  "predictedOutput": [
    [
      4,
      1,
      2,
      3
    ],
    [
      2,
      3,
      1,
      4
    ],
    [
      3,
      2,
      4,
      1
    ],
    [
      1,
      4,
      3,
      2
    ]
  ],
  "predictedOutput1": [],
  "predictedOutput2": [],
  "predictedOutput3": [],
  "solvingStrategy": "Recognize that in each training example, every row in the output is a permutation of {1,2,3,4} and every column is also a permutation. The given non‐zero numbers in each row act as clues that must appear in the same positions in the completed Latin square. Thus, for each row, identify the missing numbers from {1,2,3,4}. Then, use column constraints to decide the order of the missing numbers such that every column, when completed, contains each of 1,2,3,4 exactly once. Finally, apply the same Latin square completion process to the test case grid.",
  "patternDescription": "Fill in each row so that it becomes a permutation of 1,2,3,4 while also ensuring that each column forms a valid permutation. Essentially, complete the grid to form a Latin square using the given clues.",
  "hints": [
    "Algorithm: For each row, missing = {1,2,3,4} - row's numbers; then for each zero position, use column constraints to assign a number that is missing in both the row and that column.",
    "Math: Complete the 4x4 Latin square given partial data by solving for missing elements in each row and column.",
    "Emojis: 🔢➡️❓➕✅ & columns:🔍🔢✅"
  ],
  "confidence": 100,
  "apiProcessingTimeMs": 79149,
  "predictedOutputGrid": [
    [
      4,
      1,
      2,
      3
    ],
    [
      2,
      3,
      1,
      4
    ],
    [
      3,
      2,
      4,
      1
    ],
    [
      1,
      4,
      3,
      2
    ]
  ],
  "hasMultiplePredictions": false,
  "isPredictionCorrect": true,
  "predictionAccuracyScore": 1
}