{
  "model": "o4-mini-2025-04-16",
  "reasoningLog": "[{\"type\":\"summary_text\",\"text\":\"**Analyzing training examples**\\n\\nI’m examining a puzzle with two training examples that consist of input grids filled with numbers, specifically 7, 8, and 3. The first example has a 7x7 input grid where I've spotted two adjacent 3s on row 6, columns 1 and 2. Their presence seems to have initiated a filling pattern in the output, forming a symmetric shape. I need to map these coordinates properly and determine how these inputs and outputs relate in their structure and design.\"},{\"type\":\"summary_text\",\"text\":\"**Examining output shapes**\\n\\nIn the outputs, I’m finding patterns of 3s across the rows, particularly noting their coordinates in both examples. For instance, in the first example, I see them clustered in various columns, forming a ring-like shape. The seeds used for filling are at different orientations: horizontal in example one and vertical in example two. I’m curious if these shapes relate as rotated or mirrored versions of each other. I’ll check the positions of the seeds to see how they influence the shapes created in the outputs.\"},{\"type\":\"summary_text\",\"text\":\"**Identifying shapes of 3s**\\n\\nI’m analyzing how the shapes of 3s relate to their seed positions. In the first example, the seeds align horizontally, creating a shape extending to the right, while in the second, they are vertical with extra 3s surrounding them. Upon counting, the output from example two forms a shape with 10 instances of 3, expanding from 2 seeds. In example one, counting reveals 16 total 3s. Interestingly, the shapes of the 3s in both examples seem to correspond, being scaled versions of each other, revealing a pattern related to connected components of the numbers surrounding them.\"}]",
  "hasReasoningLog": true,
  "temperature": 0.2,
  "reasoningEffort": null,
  "reasoningVerbosity": null,
  "reasoningSummaryType": null,
  "inputTokens": 1381,
  "outputTokens": 26833,
  "reasoningTokens": 26176,
  "totalTokens": 54390,
  "estimatedCost": 0.1195843,
  "status": "completed",
  "incomplete": false,
  "reasoningItems": [
    "Observed training examples use initial 3 seeds and walls at 8 to define a region of 7s, then mark a 1-pixel-wide skeleton within that region.",
    "Example 1 fills a centerline tree of 3s within a flooded region bounded by 8s. Example 2 shows a rotated version of the same skeleton process.",
    "The seeds mark the region to fill, not the skeleton endpoints. The skeleton endpoints fall one pixel inside the boundary of the region.",
    "Mapped the BFS region for the test input by flood filling from (1,6),(1,7), then identified interior pixels (distance ≥2 from walls) for the skeleton.",
    "Connected interior maxima into a minimal tree: main trunk from (1,5)→(6,3), right branch from (4,5)→(6,6), left branch from (6,3)→(6,1).",
    "Overlay the resulting skeleton positions as 3s on top of the original grid, preserving original 8s.",
    "Truncated the skeleton one pixel inside the region boundary, consistent with training behavior (skeleton endpoints do not touch the border)."
  ],
  "multiplePredictedOutputs": null,
  "predictedOutput": [
    [
      7,
      7,
      8,
      7,
      7,
      7,
      7,
      7
    ],
    [
      7,
      8,
      7,
      7,
      7,
      3,
      3,
      3
    ],
    [
      7,
      7,
      7,
      7,
      8,
      3,
      8,
      7
    ],
    [
      7,
      8,
      7,
      8,
      7,
      3,
      7,
      8
    ],
    [
      8,
      7,
      7,
      8,
      7,
      3,
      3,
      7
    ],
    [
      7,
      7,
      8,
      7,
      3,
      3,
      3,
      7
    ],
    [
      8,
      3,
      3,
      3,
      7,
      8,
      3,
      7
    ],
    [
      7,
      8,
      7,
      7,
      8,
      7,
      7,
      7
    ]
  ],
  "predictedOutput1": [],
  "predictedOutput2": [],
  "predictedOutput3": [],
  "solvingStrategy": "1. Identify seed 3s and treat all 8s as walls. 2. Flood-fill from the 3 seeds into 7 cells to get reachable region. 3. Compute the morphological skeleton of the filled region by iterative thinning: repeatedly remove boundary pixels that do not break connectivity until a one-pixel-thick tree remains. 4. Overlay the skeleton onto the original grid, marking those positions with 3.",
  "patternDescription": "The shapes of 3s are the one-pixel-wide centerlines (skeletons) of the regions of 7s reachable from the 3 seeds, with 8s as walls.",
  "hints": [
    "Implement a flood-fill from seed 3s through 7s, treating 8s as walls, then skeletonize by thinning boundaries. (Correct)",
    "Alternate: draw straight diagonals connecting 8 clusters – rejected because output is a tree, not full diagonals.",
    "Alternate: fill entire reachable 7 region with 3s – rejected because only the skeleton, not the whole region, is marked.",
    "Alternate: replicate the exact shape from one training example – rejected because test seeds orientation and grid size differ, requiring a spatial fill. "
  ],
  "confidence": 35,
  "apiProcessingTimeMs": 539087,
  "predictedOutputGrid": [
    [
      7,
      7,
      8,
      7,
      7,
      7,
      7,
      7
    ],
    [
      7,
      8,
      7,
      7,
      7,
      3,
      3,
      3
    ],
    [
      7,
      7,
      7,
      7,
      8,
      3,
      8,
      7
    ],
    [
      7,
      8,
      7,
      8,
      7,
      3,
      7,
      8
    ],
    [
      8,
      7,
      7,
      8,
      7,
      3,
      3,
      7
    ],
    [
      7,
      7,
      8,
      7,
      3,
      3,
      3,
      7
    ],
    [
      8,
      3,
      3,
      3,
      7,
      8,
      3,
      7
    ],
    [
      7,
      8,
      7,
      7,
      8,
      7,
      7,
      7
    ]
  ],
  "hasMultiplePredictions": false,
  "isPredictionCorrect": false,
  "predictionAccuracyScore": 0.65
}