{
  "model": "o3-mini-2025-01-31",
  "reasoningLog": "[{\"type\":\"summary_text\",\"text\":\"**Analyzing output changes**\\n\\nI started with row2 being [7,8,8,7,7,7,8]. After adjustments, columns 4, 5, and 6 changed to 3, resulting in row3 as [7,7,7,3,7,3,7]. Row4 then outputted [3,3,3,3,3,3,8], with the first six columns altered to 3 compared to the input row of all sevens. Moving on to row5, the fourth column became 3, leading to an output of [7,7,7,3,7,8,7]. Row6 showed further changes, with columns 1 through 4 now set to 3. I find it interesting that some 8s remain unchanged depending on their location. There seems to be a \\\"flood fill\\\" effect happening!\"},{\"type\":\"summary_text\",\"text\":\"**Examining transformation patterns**\\n\\nIn this example, my input rows start with [7,8,7,8,7] and [8,7,7,7,8]. The outputs change various columns, with some remaining the same and others turning into 3. Notably, row2 shifts from [8,7,7,7,8] to [8,3,3,3,8], while row5's output matches the input exactly, leading to confusion.\\n\\nI’m seeing a possible pattern: is it about filling adjacent cells with 3 based on the presence of existing 3s? It's tricky figuring out exactly how these changes apply and what consistent rules define them!\"},{\"type\":\"summary_text\",\"text\":\"**Exploring flood-fill logic**\\n\\nI'm thinking about the flood-fill operation starting from the cells containing 3. It seems like this process replaces adjacent 7s with 3s, stopping at boundaries marked by other numbers, like 8. Looking at the examples, the connectivity appears crucial. From any initial 3, the fill spreads to connected 7s, but existing 8s remain untouched.\\n\\nIn one example, two seeds at (5,0) and (5,1) led to a series of 7s transforming into 3s in neighboring cells, following a pattern. I need to simulate this flood fill more thoroughly to confirm the behavior across the grid!\"}]",
  "hasReasoningLog": true,
  "temperature": 0.2,
  "reasoningEffort": null,
  "reasoningVerbosity": null,
  "reasoningSummaryType": null,
  "inputTokens": 1381,
  "outputTokens": 17730,
  "reasoningTokens": 17024,
  "totalTokens": 36135,
  "estimatedCost": 0.0795311,
  "status": "completed",
  "incomplete": false,
  "reasoningItems": [
    "Observed that in both training examples the border rows remain identical and only the interior cells change.",
    "Noted that some 7’s get replaced by 3’s in an irregular pattern that appears to propagate from seed locations where a 3 was originally present.",
    "Considered a flood‐fill style transformation from the interior seeds (for instance the 3’s found in lower interior rows) that spread in all four directions but stop when hitting an 8 or the border.",
    "Simulated a four‐neighbor flood fill on the test case grid (ignoring border changes) starting from the given seed 3’s, replacing adjacent 7’s with 3’s.",
    "Propagated the fill step–by–step and maintained original 8’s and border rows, leading to the predicted output."
  ],
  "multiplePredictedOutputs": null,
  "predictedOutput": [
    [
      7,
      7,
      8,
      7,
      7,
      7,
      7,
      7
    ],
    [
      3,
      8,
      3,
      3,
      3,
      3,
      3,
      3
    ],
    [
      3,
      3,
      3,
      3,
      8,
      7,
      8,
      3
    ],
    [
      3,
      8,
      3,
      8,
      3,
      3,
      3,
      8
    ],
    [
      8,
      3,
      3,
      8,
      3,
      3,
      3,
      3
    ],
    [
      3,
      3,
      8,
      3,
      3,
      3,
      3,
      3
    ],
    [
      8,
      3,
      3,
      3,
      3,
      8,
      3,
      3
    ],
    [
      7,
      8,
      7,
      7,
      8,
      7,
      7,
      7
    ]
  ],
  "predictedOutput1": [],
  "predictedOutput2": [],
  "predictedOutput3": [],
  "solvingStrategy": "Identify that in the training examples the output grid is the same as the input on the border while an irregular blob of 3’s is overlaid in the interior. A possible strategy is to start with the input grid, preserve the first and last rows, and then flood‐fill from any seed 3 (if present) in the interior. Use four‐way connectivity and do not override non‐fill barriers (like 8’s). Apply the same propagation in the test grid to convert many 7’s to 3’s while leaving cells with 8 intact and preserving border rows.",
  "patternDescription": "The transformation leaves the border rows unchanged and overlays a connected, irregular blob of 3’s in the interior by propagating from an initial seed value 3 while treating 8’s as boundaries.",
  "hints": [
    "Hint 1: Think of the interior 3’s as seeding a flood fill that converts nearby 7’s to 3’s, but never crossing over an 8.",
    "Hint 2: Notice that both training examples keep the outer border of the grid intact while only modifying connected interior regions.",
    "Hint 3: Consider using four–direction connectivity (up, down, left, right) from the seed cells to decide which 7’s turn into 3’s."
  ],
  "confidence": 65,
  "apiProcessingTimeMs": 162428,
  "predictedOutputGrid": [
    [
      7,
      7,
      8,
      7,
      7,
      7,
      7,
      7
    ],
    [
      3,
      8,
      3,
      3,
      3,
      3,
      3,
      3
    ],
    [
      3,
      3,
      3,
      3,
      8,
      7,
      8,
      3
    ],
    [
      3,
      8,
      3,
      8,
      3,
      3,
      3,
      8
    ],
    [
      8,
      3,
      3,
      8,
      3,
      3,
      3,
      3
    ],
    [
      3,
      3,
      8,
      3,
      3,
      3,
      3,
      3
    ],
    [
      8,
      3,
      3,
      3,
      3,
      8,
      3,
      3
    ],
    [
      7,
      8,
      7,
      7,
      8,
      7,
      7,
      7
    ]
  ],
  "hasMultiplePredictions": false,
  "isPredictionCorrect": false,
  "predictionAccuracyScore": 0.35
}