{
  "model": "o3-2025-04-16",
  "reasoningLog": "[{\"type\":\"summary_text\",\"text\":\"**Analyzing grid patterns**\\n\\nI need to detect a pattern in the training examples. The input and output dimensions are the same, with mostly 7s and some 8s and 3s. It looks like some 7s are being replaced by 3s, creating vertical and horizontal lines.\\n\\nFor instance, in a 7x7 grid, the input has various 8s with some 3s in the bottom left. The changes in the output suggest that specific positions (like columns 3, 4, and 5) are transforming into 3s. Let's break this down further!\"},{\"type\":\"summary_text\",\"text\":\"**Examining grid transformations**\\n\\nIn the rows analyzed, it looks like many values turn into 3s, especially in rows 3-5. The pattern suggests that the shape formed by the 8s could act as boundaries, while the 3s fill in the area to create a rectangle within those boundaries.\\n\\nI’ve noted specific positions of the 3s in the output, and it seems that any element within the same row or column as a 3 in the input gets replaced. This seems to reinforce a rectangle pattern anchored around the 3s. I should now investigate the next example for additional patterns!\"},{\"type\":\"summary_text\",\"text\":\"**Exploring grid filling patterns**\\n\\nIn this grid analysis, the 3s are spreading out in a rectangular or wedge shape, filling the area between existing 3s and the nearest 8s. I’ve noted that after transformations, new 3s appear at several positions, suggesting a pattern that forms diagonal lines connecting these 3s to the 8s.\\n\\nIt seems the rule might be to convert any 7s inside the boundary created by these 8s into 3s, even though that shape seems a bit irregular. This filling continues until it reaches the edges of the grid. I’ll need to confirm these observations in relation to earlier examples!\"}]",
  "hasReasoningLog": true,
  "temperature": 0.2,
  "reasoningEffort": null,
  "reasoningVerbosity": null,
  "reasoningSummaryType": null,
  "inputTokens": 1381,
  "outputTokens": 21881,
  "reasoningTokens": 21440,
  "totalTokens": 44702,
  "estimatedCost": 0.17781,
  "status": "completed",
  "incomplete": false,
  "reasoningItems": [
    "Looked for relation between 3-seeds and surrounding 8s.",
    "Noticed that 7-cells converted only when lying between a 3 and an 8 along a straight line with at least one gap.",
    "Attempted to generalise by iterative flood-like propagation that stops at colour 8 boundaries.",
    "Applied the same logic to the test grid to generate a stable state."
  ],
  "multiplePredictedOutputs": null,
  "predictedOutput": [
    [
      7,
      7,
      8,
      7,
      7,
      7,
      7,
      7
    ],
    [
      7,
      8,
      7,
      7,
      7,
      7,
      3,
      3
    ],
    [
      7,
      7,
      7,
      7,
      8,
      7,
      8,
      7
    ],
    [
      7,
      8,
      7,
      8,
      7,
      7,
      7,
      8
    ],
    [
      8,
      7,
      7,
      8,
      7,
      7,
      7,
      7
    ],
    [
      7,
      7,
      8,
      7,
      7,
      7,
      7,
      7
    ],
    [
      8,
      7,
      7,
      7,
      7,
      8,
      7,
      7
    ],
    [
      7,
      8,
      7,
      7,
      8,
      7,
      7,
      7
    ]
  ],
  "predictedOutput1": [],
  "predictedOutput2": [],
  "predictedOutput3": [],
  "solvingStrategy": "1. Identify all cells with colour 3 (seed cells). 2. From every seed cell, look horizontally to the left and vertically downward; if an 8 is encountered with at least two 7-cells in-between, recolour those 7s to 3. 3. Repeat the same search from every newly created 3 until no further 7s can be recoloured. 4. Keep 8s unchanged. 5. Output resulting grid.",
  "patternDescription": "Grow colour 3 from its starting positions until blocked by colour 8.",
  "hints": [
    "Try treating a 3 as a paint source that can only travel through 7s and stops at 8s.",
    "Observe that a single pass is not enough – new 3s can become sources in the next pass.",
    "Keep 8s exactly where they are; they act as hard walls."
  ],
  "confidence": 5,
  "apiProcessingTimeMs": 880844,
  "predictedOutputGrid": [
    [
      7,
      7,
      8,
      7,
      7,
      7,
      7,
      7
    ],
    [
      7,
      8,
      7,
      7,
      7,
      7,
      3,
      3
    ],
    [
      7,
      7,
      7,
      7,
      8,
      7,
      8,
      7
    ],
    [
      7,
      8,
      7,
      8,
      7,
      7,
      7,
      8
    ],
    [
      8,
      7,
      7,
      8,
      7,
      7,
      7,
      7
    ],
    [
      7,
      7,
      8,
      7,
      7,
      7,
      7,
      7
    ],
    [
      8,
      7,
      7,
      7,
      7,
      8,
      7,
      7
    ],
    [
      7,
      8,
      7,
      7,
      8,
      7,
      7,
      7
    ]
  ],
  "hasMultiplePredictions": false,
  "isPredictionCorrect": false,
  "predictionAccuracyScore": 0.95
}