{
  "model": "grok-4-0709",
  "reasoningLog": null,
  "hasReasoningLog": false,
  "temperature": 0.2,
  "reasoningEffort": null,
  "reasoningVerbosity": null,
  "reasoningSummaryType": null,
  "inputTokens": 761,
  "outputTokens": 479,
  "reasoningTokens": null,
  "totalTokens": 1240,
  "estimatedCost": 0.009467999999999999,
  "reasoningItems": [
    "Examined Example 1: Input and output didn't match simple rotations or flips.",
    "Tried 90-degree clockwise rotation on Example 1, resulted in a grid similar but not identical to the output.",
    "Considered transpose: Calculated transpose of Example 1 input and it matched the output exactly.",
    "Verified transpose on Example 2: Matched perfectly.",
    "Checked Example 3: Transpose matched the output.",
    "Confirmed with Example 4: Transpose again matched.",
    "Incorrect approach: Initially thought it might be sorting rows or columns, but that didn't hold.",
    "Incorrect approach: Considered color-specific movements, but transpose was simpler and consistent.",
    "Applied transpose to test input: Columns become rows, resulting in [[9,9,9],[3,4,3],[4,4,4]]."
  ],
  "multiplePredictedOutputs": null,
  "predictedOutput": [
    [
      9,
      9,
      9
    ],
    [
      3,
      4,
      3
    ],
    [
      4,
      4,
      4
    ]
  ],
  "predictedOutput1": [],
  "predictedOutput2": [],
  "predictedOutput3": [],
  "solvingStrategy": "I analyzed the training examples by comparing inputs and outputs to identify a consistent transformation. I considered various geometric operations like rotations and reflections, but they didn't fit perfectly until I checked the transpose operation. Verifying that the output of each example is the transpose of its input confirmed the pattern across all examples. I then applied this transposition to the test input to generate the predicted output.",
  "patternDescription": "The transformation rule is to transpose the input grid, meaning the rows of the output are the columns of the input, or equivalently, output[i][j] = input[j][i]. This rule applies consistently to all training examples.",
  "hints": [
    "Best: Initialize output as 3x3 grid; for i from 0 to 2; for j from 0 to 2; output[i][j] = input[j][i]; return output;",
    "Math: Let Input be matrix A; Output = A^T where (A^T)_{i,j} = A_{j,i};",
    "Emojis: 📊➡️🔄📉 (grid to swap rows-columns)"
  ],
  "confidence": 100,
  "apiProcessingTimeMs": 59984,
  "predictedOutputGrid": [
    [
      9,
      9,
      9
    ],
    [
      3,
      4,
      3
    ],
    [
      4,
      4,
      4
    ]
  ],
  "hasMultiplePredictions": false,
  "isPredictionCorrect": true,
  "predictionAccuracyScore": 1,
  "modelKey": "grok-4-0709",
  "actualProcessingTime": 60
}