{
  "model": "o3-2025-04-16",
  "reasoningLog": "[object Object],[object Object],[object Object],[object Object]",
  "hasReasoningLog": true,
  "temperature": 0.2,
  "reasoningEffort": null,
  "reasoningVerbosity": null,
  "reasoningSummaryType": null,
  "inputTokens": 4451,
  "outputTokens": 21020,
  "reasoningTokens": 20608,
  "totalTokens": 46079,
  "estimatedCost": 0.177062,
  "status": "completed",
  "incomplete": false,
  "reasoningItems": [],
  "multiplePredictedOutputs": false,
  "predictedOutput": [
    []
  ],
  "predictedOutput1": [],
  "predictedOutput2": [],
  "predictedOutput3": [],
  "solvingStrategy": "I could not confidently infer a consistent and reproducible rule that converts the inputs to the given outputs in the training data.  The examples appear to involve complex spatial re-packing or Voronoi-style partitioning whose governing parameters (grid size reduction factor, orientation reflection, region growth rules, etc.) change across the three training pairs.  Because I can’t produce a reliable transformation, I’m returning an empty prediction so that downstream systems can recognise the failure case and decide what to do next.",
  "keySteps": [
    "Inspected colour counts and noticed outputs are fully filled, containing no zeros.",
    "Observed that total output cells equal output-grid area (square) but count-to-area relationship is inconsistent across examples.",
    "Tried hypotheses: removing empty rows/columns, down-sampling by a factor F, Voronoi fill from original coloured cells, packing clusters left-to-right, none matched all examples.",
    "Re-counted cells and compared per-colour counts; found matches for one example but not others, indicating counts aren’t preserved in general.",
    "Unable to deduce deterministic mapping that works for all three training cases."
  ],
  "patternDescription": "Unknown/undetermined – likely a non-linear spatial re-packing or down-sampling combined with Voronoi-like region fill, but the exact parameters vary between tasks in ways I couldn’t resolve.",
  "hints": [
    "Algorithm-style: For each colour, find its cluster’s centroid, choose a scale factor F so that 20/F is integer, create an (20/F)×(20/F) grid, and colour each new cell with the nearest centroid’s colour.",
    "Math description: minimise (Σ_d cellDistance^2) subject to area=n² and cluster connectivity.",
    "🤖📏➡️🟦🟥           "
  ],
  "confidence": 1,
  "apiProcessingTimeMs": 254340
}