{
  "model": "grok-3-mini",
  "reasoningLog": null,
  "hasReasoningLog": false,
  "temperature": 0.2,
  "reasoningEffort": null,
  "reasoningVerbosity": null,
  "reasoningSummaryType": null,
  "inputTokens": 4093,
  "outputTokens": 757,
  "reasoningTokens": null,
  "totalTokens": 4850,
  "estimatedCost": 0.0016064,
  "multiplePredictedOutputs": false,
  "predictedOutput": [
    [
      5,
      7,
      7,
      7,
      7,
      2,
      2,
      2,
      2,
      2
    ],
    [
      7,
      7,
      7,
      7,
      7,
      2,
      2,
      2,
      2,
      2
    ],
    [
      7,
      7,
      7,
      7,
      7,
      7,
      2,
      2,
      2,
      2
    ],
    [
      7,
      7,
      7,
      7,
      7,
      2,
      2,
      8,
      2,
      2
    ],
    [
      7,
      7,
      3,
      7,
      7,
      2,
      2,
      8,
      2,
      2
    ],
    [
      3,
      3,
      3,
      3,
      3,
      8,
      8,
      8,
      8,
      8
    ],
    [
      3,
      3,
      3,
      3,
      3,
      8,
      8,
      8,
      8,
      8
    ],
    [
      3,
      3,
      3,
      3,
      3,
      3,
      3,
      8,
      8,
      8
    ],
    [
      3,
      3,
      3,
      3,
      3,
      8,
      8,
      8,
      8,
      8
    ],
    [
      3,
      3,
      3,
      3,
      3,
      8,
      8,
      8,
      8,
      8
    ]
  ],
  "predictedOutput1": [],
  "predictedOutput2": [],
  "predictedOutput3": [],
  "solvingStrategy": "Examined training examples to identify that outputs are smaller grids extracting and arranging non-zero elements, particularly starting with 5 and 7, and including other numbers from different parts of the input. Applied this by selecting key numbers from the test input and arranging them in a 10x10 grid based on patterns observed in examples.",
  "keySteps": [
    "Step 1: Observed that all training outputs are smaller square grids containing key numbers like 5 and 7 from the input.",
    "Step 2: Noted that outputs include numbers from various input locations, possibly the most prominent or first-occurring ones.",
    "Step 3: Considered incorrect approach of taking the entire non-zero bounding box, as outputs are smaller and rearranged.",
    "Step 4: Identified insight that the output size matches the extent of the largest block in examples, so assumed 10x10 for test case based on 7's block.",
    "Step 5: Arranged numbers in the predicted output by mimicking Example 2's structure, starting with 5 and 7 and adding other elements like 2, 3, and 8."
  ],
  "patternDescription": "The transformation extracts key non-zero elements (especially 5 and 7) from the input and arranges them in a smaller square grid, incorporating other significant numbers in a sequence similar to their appearance or position in the input.",
  "hints": [
    "For each input grid, select non-zero elements starting with 5 and 7, then add other numbers in order of their vertical position, and arrange into a square grid.",
    "Output = Matrix(ExtractBoundingBoxes(Input) ∪ ArrangeByPosition(Input)), where ExtractBoundingBoxes returns subgrids of non-zero elements and ArrangeByPosition sorts them vertically.",
    "🔍 Find numbers in input; 🧩 Stack 5 and 7 first; 🎨 Add other shapes to make square grid"
  ],
  "confidence": 50,
  "apiProcessingTimeMs": 33459
}