{
  "model": "o3-mini-2025-01-31",
  "reasoningLog": "[object Object],[object Object],[object Object]",
  "hasReasoningLog": true,
  "temperature": 0.2,
  "reasoningEffort": null,
  "reasoningVerbosity": null,
  "reasoningSummaryType": null,
  "inputTokens": 4451,
  "outputTokens": 22067,
  "reasoningTokens": 21056,
  "totalTokens": 47574,
  "estimatedCost": 0.10199090000000001,
  "status": "completed",
  "incomplete": false,
  "reasoningItems": [],
  "multiplePredictedOutputs": false,
  "predictedOutput": [
    [
      5,
      2,
      2,
      2,
      2,
      5,
      5,
      5,
      3,
      3
    ],
    [
      5,
      2,
      2,
      2,
      2,
      5,
      5,
      5,
      3,
      3
    ],
    [
      5,
      2,
      2,
      2,
      2,
      5,
      3,
      3,
      3,
      3
    ],
    [
      5,
      2,
      2,
      2,
      2,
      5,
      5,
      5,
      3,
      3
    ],
    [
      5,
      5,
      7,
      5,
      5,
      5,
      5,
      5,
      5,
      5
    ],
    [
      7,
      7,
      7,
      7,
      7,
      5,
      8,
      8,
      8,
      8
    ],
    [
      7,
      7,
      7,
      7,
      7,
      5,
      8,
      8,
      8,
      8
    ],
    [
      7,
      7,
      7,
      7,
      7,
      5,
      8,
      8,
      8,
      8
    ],
    [
      7,
      7,
      7,
      7,
      7,
      5,
      8,
      8,
      8,
      8
    ],
    [
      5,
      5,
      5,
      5,
      5,
      5,
      5,
      5,
      8,
      5
    ]
  ],
  "predictedOutput1": [],
  "predictedOutput2": [],
  "predictedOutput3": [],
  "solvingStrategy": "We interpreted the training examples as having been transformed by first isolating the drawn shapes (the non‐zero digits) then cropping the input grid to remove the unnecessary zero margins, and finally ‘resizing’ the cropped image into a smaller square grid. In our approach we assumed that each output cell is computed by considering a block of the cropped input and taking the most frequent nonzero value. In blocks that were entirely background (zeros) the training outputs always showed a replacement (often 5) so we used that as a default. For our test case (a 20×20 grid) we cropped to the bounding box that covers all nonzero entries (roughly rows 0–19 and columns 0–15) and then partitioned the cropped area into 10×10 blocks (using a vertical scale factor of 2 and a non‐uniform horizontal partition based on the crop’s width) and computed a mode over each block. This produced a 10×10 output that preserves the relative placement of the 2’s, 3’s, 7’s, an isolated 5 and 8’s as seen in the test input.",
  "keySteps": [
    "Locate the non‐zero drawn shapes in the input and determine the minimal bounding box.",
    "Choose an output grid size (10×10) consistent with one of the training examples with a 20×20 input.",
    "Divide the cropped image into blocks (each block corresponding to approximately 2 rows and a calculated group of columns) and compute the predominant digit in each block.",
    "Replace blocks that are completely zero with the default value (5) observed in the training outputs.",
    "Assemble the output grid so that the spatial relations of the original drawn groups are maintained."
  ],
  "patternDescription": "Crop the input grid to its nonzero bounding region and then scale it down to a square grid by partitioning the region into blocks. Each block’s output value is determined by the most frequent nonzero digit in that block; blocks that are entirely zero are assigned 5 as a default. This produces a simplified, rescaled version of the original drawing that preserves the relative positioning of the distinct digit‐strokes.",
  "hints": [
    "Algorithm (pseudo-code): crop = remove_zero_margins(input); gridSize = 10; for each cell in output grid { block = corresponding region in crop; if block has nonzeros then output_cell = mode(block) else output_cell = 5; }",
    "Math description: Let the cropped input have dimensions H×W. Partition it into an n×n grid (here n=10) by setting cell(i,j) = argmax_{d≠0} count(d) in the block covering rows [floor(i*H/n), floor((i+1)*H/n)) and columns [floor(j*W/n), floor((j+1)*W/n)); if count = 0 then assign 5.",
    "Emojis: ✂️➡️📏 then 🍰 (split into blocks) → 🔢 (mode nonzero) → 🎨"
  ],
  "confidence": 75,
  "apiProcessingTimeMs": 220231
}