{
  "model": "o3-2025-04-16",
  "reasoningLog": "[{\"type\":\"summary_text\",\"text\":\"**Analyzing the puzzle**\\n\\nI'm focusing on visualizing the transformation rule from the input to the output grid. The input is a 9x9 grid, and the output is a 6x6 grid, suggesting some extraction process. It looks like the input includes a significant vertical line of '8's that might help define the regions being extracted. Observing Example 1, there are rows and columns filled with '8's that seem to create boundaries. I hypothesize that the grid is being split into quadrants and selecting certain sections for output.\"},{\"type\":\"summary_text\",\"text\":\"**Mapping patterns in the grid**\\n\\nI’m examining how the input 9x9 grid is partitioned based on the boundaries created by the vertical and horizontal lines of '8's. It looks like the grid is split into four subgrids, and the output of Example 1 is a 6x6 grid derived from these quadrants.\\n\\nObserving the output, it seems to reflect patterns from both the top-left and bottom-right quadrants. For instance, the output contains numbers from the top-left area, suggesting some form of overlay where numbers from that region are mapped into the corresponding positions in the output, creating a combined pattern.\"},{\"type\":\"summary_text\",\"text\":\"**Identifying grid partitions**\\n\\nI'm figuring out how to size the quadrants based on the position of the vertical and horizontal crossings that divide the grid. With the output being a 6x6 grid, the top-left section is 2x6 while the bottom-left is a 6x6 section containing a pattern of '3's.\\n\\nObserving the top-right quadrant, I've identified key values that will help transform the output. It seems we utilize this key to replace '3's in the mask area with values from the corresponding key positions. So, this algorithm maps colors based on these groups in the grid!\"}]",
  "hasReasoningLog": true,
  "temperature": 0.2,
  "reasoningEffort": null,
  "reasoningVerbosity": null,
  "reasoningSummaryType": null,
  "inputTokens": 1831,
  "outputTokens": 7007,
  "reasoningTokens": 6336,
  "totalTokens": 15174,
  "estimatedCost": 0.059718,
  "status": "completed",
  "incomplete": false,
  "reasoningItems": [
    "Observed a constant cross of 8s splitting every input into quadrants.",
    "Detected that one quadrant always has exactly 2×2 size and holds the palette numbers; others are either 6×2, 2×6, or 6×6.",
    "The 6×6 quadrant made only of 0s and 3s acts as a mask to be coloured.",
    "Comparison of training pairs shows that rows 0-2 of the mask use the first key row, rows 3-5 use the second; columns 0-2 use the first key column, columns 3-5 use the second.",
    "Replacement happens only where the mask contains a 3, zeros remain zero.",
    "Applied the same mapping to the test grid, producing the final 6×6 output."
  ],
  "multiplePredictedOutputs": null,
  "predictedOutput": [
    [
      0,
      0,
      0,
      1,
      0,
      0
    ],
    [
      2,
      2,
      0,
      1,
      0,
      1
    ],
    [
      0,
      2,
      0,
      1,
      0,
      1
    ],
    [
      0,
      4,
      4,
      7,
      0,
      0
    ],
    [
      0,
      4,
      0,
      0,
      0,
      7
    ],
    [
      0,
      0,
      4,
      0,
      0,
      0
    ]
  ],
  "predictedOutput1": [],
  "predictedOutput2": [],
  "predictedOutput3": [],
  "solvingStrategy": "1. Locate the row and column that are completely filled with colour 8 – these form a + sign that splits the 9×9 grid into four quadrants.\n2. Among the four quadrants, find the 2×2 quadrant that contains no 3-values: that quadrant is the KEY.  Let key[0][0] be its top-left value, key[0][1] its top-right, key[1][0] bottom-left, key[1][1] bottom-right.\n3. Find the 6×6 quadrant that contains 3s; that quadrant is the MASK.  All cells are either 0 or 3.\n4. Build the 6×6 output grid by scanning the MASK:\n   For each cell (r,c):\n      if MASK[r][c]==0 → output 0;\n      else            → output key[r//3][c//3]   // rows 0-2 use key row0, rows 3-5 use key row1; cols 0-2 use key col0, cols 3-5 use key col1.\n5. Return the filled 6×6 grid.",
  "patternDescription": "Replace the 3s in the big 6×6 picture with colours copied from the little 2×2 square: top rows take the top colours, bottom rows take the bottom colours; left half uses the left colour, right half the right colour.",
  "hints": [
    "Look for the plus sign made of 8s – it shows you where to cut the board.",
    "Only one quadrant is 2×2; its four values are the colours you need.",
    "The 6×6 picture is split into four 3×3 blocks; paint each block with the matching colour from the 2×2 key wherever you see a 3."
  ],
  "confidence": 89,
  "apiProcessingTimeMs": 67583,
  "predictedOutputGrid": [
    [
      0,
      0,
      0,
      1,
      0,
      0
    ],
    [
      2,
      2,
      0,
      1,
      0,
      1
    ],
    [
      0,
      2,
      0,
      1,
      0,
      1
    ],
    [
      0,
      4,
      4,
      7,
      0,
      0
    ],
    [
      0,
      4,
      0,
      0,
      0,
      7
    ],
    [
      0,
      0,
      4,
      0,
      0,
      0
    ]
  ],
  "hasMultiplePredictions": false,
  "isPredictionCorrect": true,
  "predictionAccuracyScore": 0.9450000000000001
}