{
  "model": "o3-mini-2025-01-31",
  "reasoningLog": "[{\"type\":\"summary_text\",\"text\":\"**Evaluating matrix transformation**\\n\\nI’m examining a transformation where the input is a 9x9 matrix, and the output is a 6x6 matrix. It seems like the transformation involves cropping some rows and columns. In looking closely at the first example, I notice that each cell in the output may represent a 3x3 block from the input. The output doesn’t seem to fit a straightforward average, so it could be using sampling from specific pixel values. I'll keep exploring this idea!\"},{\"type\":\"summary_text\",\"text\":\"**Analyzing input-output patterns**\\n\\nIn the first input example, I notice a segmenting pattern where the output draws from specific rows like row 8. It looks like the output relies on repeating patterns, particularly the digit \\\"8\\\" that appears consistently in the third column. I also see numbers like 2 and 1 from the first two input rows reflected in the output. So, it seems there's a structure where the output grid, which is 6 columns, overlays two distinct patterns: one from the top and another from the bottom of the input. This framework is interesting!\"},{\"type\":\"summary_text\",\"text\":\"**Interpreting the input-output relationship**\\n\\nI'm considering whether the output corresponds to specific segments of the input matrix. It looks like I can divide the input into two blocks: a left block and a right block. The output's first three columns seem to take digits from the left block while the last three pull from the right. I notice the significant presence of the digit \\\"8,\\\" which might be acting as a divider in the grid, and it repeats consistently in certain columns across examples. This suggests a compression of the relevant non-8 digits into the output, possibly reforming the shapes into a clear structure.\"}]",
  "hasReasoningLog": true,
  "temperature": 0.2,
  "reasoningEffort": null,
  "reasoningVerbosity": null,
  "reasoningSummaryType": null,
  "inputTokens": 1831,
  "outputTokens": 15699,
  "reasoningTokens": 14912,
  "totalTokens": 32442,
  "estimatedCost": 0.07108970000000002,
  "status": "completed",
  "incomplete": false,
  "reasoningItems": [
    "Observed that every training input contains a row entirely of 8’s acting as a divider.",
    "Noticed that the output is always 6x6 and seems to be built from two 3x3 cross patterns arranged side‐by‐side and then stacked vertically.",
    "Identified that each 3x3 block is a cross pattern with a center digit taken from a two–digit stamp pair extracted from the input.",
    "Deduced that the top stamp pair comes from the first nonzero pair in the top portion and the bottom stamp pair from the first nonzero pair in the bottom portion (using left cells if available, else right cells).",
    "Based on training examples, applied a symmetric cross for a left–extracted stamp and a split pattern when extracted from the right.",
    "For the test input, determined the top stamp pair is (3,3) from row1 (left two columns) and the bottom stamp pair is (2,1) from row7 (right two columns).",
    "Constructed the final 6x6 grid by combining the 3x3 crosses accordingly."
  ],
  "multiplePredictedOutputs": null,
  "predictedOutput": [
    [
      0,
      3,
      0,
      0,
      3,
      0
    ],
    [
      3,
      3,
      3,
      3,
      3,
      3
    ],
    [
      0,
      3,
      0,
      0,
      3,
      0
    ],
    [
      0,
      0,
      0,
      0,
      1,
      0
    ],
    [
      2,
      2,
      2,
      1,
      1,
      1
    ],
    [
      0,
      0,
      0,
      0,
      1,
      0
    ]
  ],
  "predictedOutput1": [],
  "predictedOutput2": [],
  "predictedOutput3": [],
  "solvingStrategy": "Identify the horizontal divider (a row filled with 8’s) and treat rows above as providing the top stamp pair and rows below as providing the bottom stamp pair. Then, scan the appropriate half for the first row having a nonzero two‐digit pair (first two cells if possible, otherwise the last two cells). Use the left value as the left stamp digit and the right value as the right stamp digit. Render each stamp digit as a 3x3 cross – using a symmetric cross (0, X, 0; X, X, X; 0, X, 0) when extracted from a left‐side pair and a modified pattern when extracted from a right–side pair (flat top/bottom row for the left stamp, symmetric for the right stamp). Finally, combine the two 3x3 stamps side‐by‐side for the top half and similarly for the bottom half to form the 6x6 output.",
  "patternDescription": "The puzzle divides the grid using a full row of 8’s into top and bottom halves. From each half a two‐digit stamp pair is extracted and each digit is then drawn as a 3x3 cross; these two crosses are adjoined to produce the final 6x6 output.",
  "hints": [
    "Hint 1: Look for a row full of the digit 8 as a divider between two sections of the input grid.",
    "Hint 2: In each section, identify a two–digit pair (from the leftmost or rightmost columns) that serve as seeds for the cross‐shaped stamp.",
    "Hint 3: Build each stamp as a 3x3 cross pattern and combine the two stamps side‐by‐side and top‐over‐bottom to form a 6x6 grid."
  ],
  "confidence": 40,
  "apiProcessingTimeMs": 158531,
  "predictedOutputGrid": [
    [
      0,
      3,
      0,
      0,
      3,
      0
    ],
    [
      3,
      3,
      3,
      3,
      3,
      3
    ],
    [
      0,
      3,
      0,
      0,
      3,
      0
    ],
    [
      0,
      0,
      0,
      0,
      1,
      0
    ],
    [
      2,
      2,
      2,
      1,
      1,
      1
    ],
    [
      0,
      0,
      0,
      0,
      1,
      0
    ]
  ],
  "hasMultiplePredictions": false,
  "isPredictionCorrect": false,
  "predictionAccuracyScore": 0.6,
  "modelKey": "o3-mini-2025-01-31",
  "actualProcessingTime": 159
}