{
  "model": "grok-4-0709",
  "reasoningLog": null,
  "hasReasoningLog": false,
  "temperature": 0.2,
  "reasoningEffort": null,
  "reasoningVerbosity": null,
  "reasoningSummaryType": null,
  "inputTokens": 2138,
  "outputTokens": 809,
  "reasoningTokens": null,
  "totalTokens": 2947,
  "estimatedCost": 0.018549,
  "reasoningItems": [
    "Examined input structures: all have horizontal row of 8's and vertical column of 8's dividing the grid.",
    "Identified pattern section as the 6-row, 6-column area with 3's, colors in 2-row, 2-column area.",
    "Noted colors are in two rows, ordered by row index (smaller first for upper half).",
    "Observed 2 colors per row, pattern width 6, so groups of 3 columns each.",
    "Colors read left to right, applied to pattern groups left to right.",
    "Replacement: only 3's become the group's color, 0's stay 0.",
    "Verified on ex1: left colors 2,4 and 1,6 applied to groups correctly.",
    "Verified on ex2: right colors 1,2 and 4,1 applied left to right to left pattern.",
    "Verified on ex3: bottom colors 2,4 and 6,5 applied to top pattern.",
    "Explored incorrect approach: connectivity-based filling, but groups are columnar, not connected.",
    "Explored incorrect approach: mirroring or rotating pattern, but direct extraction fits.",
    "Applied to test: horizontal at row6, vertical at col6, pattern above left (rows0-5, cols0-5), colors below right (rows7-8, cols7-8).",
    "Test colors: row7:2,1; row8:4,7. Groups cols0-2 and 3-5.",
    "Generated output by replacing in halves: upper with 2 and 1, lower with 4 and 7."
  ],
  "multiplePredictedOutputs": null,
  "predictedOutput": [
    [
      0,
      0,
      0,
      1,
      0,
      0
    ],
    [
      2,
      2,
      0,
      1,
      0,
      1
    ],
    [
      0,
      2,
      0,
      1,
      0,
      1
    ],
    [
      0,
      4,
      4,
      7,
      0,
      0
    ],
    [
      0,
      4,
      0,
      0,
      0,
      7
    ],
    [
      0,
      0,
      4,
      0,
      0,
      0
    ]
  ],
  "predictedOutput1": [],
  "predictedOutput2": [],
  "predictedOutput3": [],
  "solvingStrategy": "DSL: define bar_h = row where all cells == 8; bar_v = col where all rows == 8; pattern_side = side with 6 rows relative to bar_h, on left or right of bar_v with 3's; color_side = side with 2 rows, opposite; color_rows = the two rows sorted by increasing row index; num_groups = num colors per color_row; group_width = pattern_width / num_groups; for each half (upper: pattern rows closer to top, lower: rest), use corresponding color_row; for each group (left to right), replace 3 with color in that position;",
  "patternDescription": "Identify separators of 8's. Extract 6x6 pattern grid with 3's. Divide into two vertical halves and horizontal groups of 3 columns based on 2 colors per input color row. Replace 3's in each group with colors from color rows (top row for upper half, bottom for lower), reading colors left to right.",
  "hints": [
    "Best: Detect bars, extract pattern and colors, divide into halves and groups, replace per group uniformly. Chosen because it fits all examples perfectly without exceptions.",
    "Alternative: Treat entire pattern as single entity and map colors based on connected components. Rejected because component counts don't match color counts consistently across examples, e.g., ex2 has more components than colors.",
    "Alternative: Apply colors based on distance from bar, varying per cell. Rejected as overcomplicated and doesn't match uniform replacement per group observed in outputs."
  ],
  "confidence": 100,
  "apiProcessingTimeMs": 420513,
  "predictedOutputGrid": [
    [
      0,
      0,
      0,
      1,
      0,
      0
    ],
    [
      2,
      2,
      0,
      1,
      0,
      1
    ],
    [
      0,
      2,
      0,
      1,
      0,
      1
    ],
    [
      0,
      4,
      4,
      7,
      0,
      0
    ],
    [
      0,
      4,
      0,
      0,
      0,
      7
    ],
    [
      0,
      0,
      4,
      0,
      0,
      0
    ]
  ],
  "hasMultiplePredictions": false,
  "isPredictionCorrect": true,
  "predictionAccuracyScore": 1
}