{
  "model": "grok-3-mini-fast",
  "reasoningLog": null,
  "hasReasoningLog": false,
  "temperature": 0.2,
  "reasoningEffort": null,
  "reasoningVerbosity": null,
  "reasoningSummaryType": null,
  "inputTokens": 1464,
  "outputTokens": 773,
  "reasoningTokens": null,
  "totalTokens": 2237,
  "estimatedCost": 0.0039704,
  "reasoningItems": [
    "Observed that all inputs are 9x9 grids with a full row of 8s, and outputs are 6x6 grids derived from specific parts of the input.",
    "In training examples, the output patterns suggest extracting pairs of numbers from rows near the all-8s row and transforming them into sub-grids.",
    "For Example 1 and 2, identified that the last two non-zero numbers from certain rows are used to form the output.",
    "Applied this to the test case by taking the last two non-zero numbers from rows 7 and 8: row 7 gives 2 and 1, row 8 gives 4 and 7.",
    "Used the pattern from Example 2 for the output structure, as it seemed more applicable than Example 1.",
    "Considered alternative patterns but rejected them based on inconsistencies with the training examples.",
    "Final prediction is a 6x6 grid combining the transformed pairs, though confidence is moderate due to pattern variations across examples."
  ],
  "multiplePredictedOutputs": null,
  "predictedOutput": [
    [
      0,
      0,
      2,
      1,
      0,
      1
    ],
    [
      2,
      2,
      0,
      0,
      0,
      0
    ],
    [
      2,
      2,
      0,
      1,
      0,
      1
    ],
    [
      0,
      0,
      4,
      7,
      0,
      7
    ],
    [
      4,
      4,
      0,
      0,
      0,
      0
    ],
    [
      4,
      4,
      0,
      7,
      0,
      7
    ]
  ],
  "predictedOutput1": [],
  "predictedOutput2": [],
  "predictedOutput3": [],
  "solvingStrategy": "Extract the last two non-zero numbers from the last two rows before the all-8s row and apply the pattern from Example 2 to create a 6x6 grid, where each pair (A, B) generates a 3x2 sub-grid.",
  "patternDescription": "For each pair of numbers (A, B) from the specified rows, create a 3x2 sub-grid with the pattern: first row [0,0,A,B,0,B], second row [A,A,0,0,0,0], third row [A,A,0,B,0,B], and combine two such sub-grids.",
  "hints": [
    {
      "algorithm": "For each of the last two rows before the all-8s row, identify the last two non-zero numbers as A and B; generate a 3x2 grid using the pattern from Example 2; combine the two 3x2 grids into a 6x6 output.",
      "reason": "This is the best because it matches the structure in Example 2, which is the most recent, and applies consistently to the test case input."
    },
    {
      "algorithm": "For each of the last two rows, identify the first two non-zero numbers as A and B; generate a 3x2 grid using the pattern from Example 1.",
      "reason": "Rejected because the examples show that the last non-zero numbers are used in Example 2, not the first, leading to inconsistencies when applied to the test case."
    },
    {
      "algorithm": "Extract all non-zero numbers from the entire input and arrange them into a 6x6 grid based on their order.",
      "reason": "Rejected because it does not match the specific sub-grid patterns in the examples, which focus on particular rows and pairs, resulting in an incorrect output structure."
    }
  ],
  "confidence": 60,
  "apiProcessingTimeMs": 25141,
  "predictedOutputGrid": [
    [
      0,
      0,
      2,
      1,
      0,
      1
    ],
    [
      2,
      2,
      0,
      0,
      0,
      0
    ],
    [
      2,
      2,
      0,
      1,
      0,
      1
    ],
    [
      0,
      0,
      4,
      7,
      0,
      7
    ],
    [
      4,
      4,
      0,
      0,
      0,
      0
    ],
    [
      4,
      4,
      0,
      7,
      0,
      7
    ]
  ],
  "hasMultiplePredictions": false,
  "isPredictionCorrect": false,
  "predictionAccuracyScore": 0.4
}