{
  "model": "grok-3-mini",
  "reasoningLog": null,
  "hasReasoningLog": false,
  "temperature": 0.2,
  "reasoningEffort": null,
  "reasoningVerbosity": null,
  "reasoningSummaryType": null,
  "inputTokens": 1464,
  "outputTokens": 821,
  "reasoningTokens": null,
  "totalTokens": 2285,
  "estimatedCost": 0.0008497,
  "reasoningItems": [
    "Observed that inputs are 9x9 grids and outputs are 6x6, suggesting a reduction pattern.",
    "Noted the presence of a full row of 8's in each input, which seems to act as a divider.",
    "In Examples 1 and 2, relevant numbers are from rows before the 8's row; in Example 3, from rows after, indicating the pattern depends on position relative to the 8's row.",
    "Identified that outputs consist of block patterns for pairs of numbers, likely the first two non-8, non-zero in specific rows.",
    "For the test case, extracted pairs from rows 8 and 9: (2,1) from row 8 and (4,7) from row 9.",
    "Applied the block pattern from Example 3 to these pairs to generate the 6x6 output.",
    "Considered alternative patterns but rejected them as they didn't generalize across all examples.",
    "Initial insight was that numbers are rearranged into blocks, but refined to specific pair-based construction after comparing outputs."
  ],
  "multiplePredictedOutputs": null,
  "predictedOutput": [
    [
      0,
      0,
      2,
      0,
      0,
      1
    ],
    [
      0,
      0,
      2,
      0,
      0,
      1
    ],
    [
      2,
      2,
      0,
      1,
      1,
      0
    ],
    [
      0,
      0,
      0,
      0,
      7,
      0
    ],
    [
      0,
      4,
      0,
      7,
      0,
      0
    ],
    [
      0,
      4,
      0,
      0,
      0,
      7
    ]
  ],
  "predictedOutput1": [],
  "predictedOutput2": [],
  "predictedOutput3": [],
  "solvingStrategy": "Extract the first two non-8, non-zero numbers from the last two rows of the input grid that contain such numbers, forming pairs. For the first pair, create a 3x2 grid with a specific block pattern; for the second pair, create another 3x2 grid with a different block pattern, then combine into a 6x6 grid.",
  "patternDescription": "The transformation extracts pairs of numbers (first two non-8, non-zero per relevant row) and arranges them into block patterns in a 6x6 grid, with the first pair using a top-heavy block and the second using a bottom-heavy block.",
  "hints": [
    {
      "algorithm": "1. Identify the row with all 8's. 2. Extract the first two non-8, non-zero numbers from the rows immediately after or before it. 3. For each pair, generate the corresponding 3-row block pattern and stack them. This is the best as it matches the examples consistently.",
      "rejectionReason": "The other algorithms were rejected because they didn't consistently align with all examples: one assumed always taking rows before the all-8's row, which failed for Example 3; another assumed taking the last two non-zero numbers regardless of 8's, which led to incorrect pairs."
    },
    {
      "algorithm": "Scan the entire grid for non-8 numbers and pair the first two from each of the last two rows, then apply a fixed block pattern to each pair.",
      "rejectionReason": "This was rejected because it overcomplicated the process by scanning the whole grid, whereas the examples show focus on specific rows, and it didn't produce the exact output patterns."
    },
    {
      "algorithm": "Treat the grid as a matrix and downscale by averaging or selecting subsets, then map to blocks.",
      "rejectionReason": "This was rejected as it didn't fit the discrete number extraction and block formation seen in the outputs; it resulted in smoothed grids that didn't match the block structures."
    }
  ],
  "confidence": 70,
  "apiProcessingTimeMs": 90262,
  "predictedOutputGrid": [
    [
      0,
      0,
      2,
      0,
      0,
      1
    ],
    [
      0,
      0,
      2,
      0,
      0,
      1
    ],
    [
      2,
      2,
      0,
      1,
      1,
      0
    ],
    [
      0,
      0,
      0,
      0,
      7,
      0
    ],
    [
      0,
      4,
      0,
      7,
      0,
      0
    ],
    [
      0,
      4,
      0,
      0,
      0,
      7
    ]
  ],
  "hasMultiplePredictions": false,
  "isPredictionCorrect": false,
  "predictionAccuracyScore": 0.30000000000000004,
  "modelKey": "grok-3-mini",
  "actualProcessingTime": 90
}