{
  "model": "o4-mini-2025-04-16",
  "reasoningLog": "[{\"type\":\"summary_text\",\"text\":\"**Analyzing the ARC-AGI Puzzle**\\n\\nI'm looking at this ARC-AGI puzzle with three training examples, each a 4x4 grid. The output grids are split into four 2x2 quadrants, where the top two quadrants are all 6's and the bottom quadrants contain either 6 or 2. I'm trying to figure out the pattern behind these outputs based on the inputs. Notably, in Example 1, non-6 values are at specific positions, with one '2' located at (2,3). I'll need to examine this further to uncover the relationships.\"},{\"type\":\"summary_text\",\"text\":\"**Understanding Quadrant Mapping**\\n\\nI'm analyzing the output quadrants of this puzzle. The bottom-right 2x2 contains all 2's, while the bottom-left contains only 6's. It seems the output is determined by the location of '2' in the input grid; for Example 1, that quadrant coincides with where '2' originally appears at (2,3). \\n\\nIn Example 2, the bottom-left quadrant contains the '2,' and the same pattern follows across the examples, filling quadrants based on the position of '2' while keeping the rest as 6's. I need to confirm if each example has only one '2.'\"},{\"type\":\"summary_text\",\"text\":\"**Developing Output Strategy**\\n\\nI’m examining a test input where a '2' is located at (0,0), in the top-left quadrant. The rule seems to be that the quadrant containing the '2' gets filled with 2's while the others are filled with 6's. The output will be a 4x4 grid where Q0 holds the '2' and the rest are all 6's, ensuring that even if the '2' is in the top half, the structure holds.\\n\\nI need to provide a JSON response with the predicted output and a solving strategy. The generalization is clear: position a '2' where it appears and keep everything else as 6. I’ll outline the hints and reasoning to convey the thought process effectively.\"}]",
  "hasReasoningLog": true,
  "temperature": 0.2,
  "reasoningEffort": null,
  "reasoningVerbosity": null,
  "reasoningSummaryType": null,
  "inputTokens": 1191,
  "outputTokens": 3220,
  "reasoningTokens": 2752,
  "totalTokens": 7163,
  "estimatedCost": 0.015478100000000002,
  "status": "completed",
  "incomplete": false,
  "reasoningItems": [
    "All training outputs are divided into four 2x2 quadrants of uniform color.",
    "Each input contains exactly one cell of color 2.",
    "In each training output, only the quadrant that contained the input’s 2 is filled with 2s; all other quadrants are 6s.",
    "Generalize: locate the unique 2, determine its quadrant, fill that quadrant with 2s and fill all other quadrants with 6s.",
    "Apply this rule to the test: the 2 at (0,0) falls in the top-left quadrant, so that quadrant becomes 2s and all others become 6s."
  ],
  "multiplePredictedOutputs": null,
  "predictedOutput": [
    [
      2,
      2,
      6,
      6
    ],
    [
      2,
      2,
      6,
      6
    ],
    [
      6,
      6,
      6,
      6
    ],
    [
      6,
      6,
      6,
      6
    ]
  ],
  "predictedOutput1": [],
  "predictedOutput2": [],
  "predictedOutput3": [],
  "solvingStrategy": "1. Let n=4, m=4. 2. Scan input to find the unique cell (i,j) with value 2. 3. Compute quadrantRow = floor(i/(n/2)), quadrantCol = floor(j/(m/2)). 4. For each output cell (r,c): if floor(r/(n/2))==quadrantRow and floor(c/(m/2))==quadrantCol then set output[r][c]=2 else set output[r][c]=6.",
  "patternDescription": "Divide the grid into four 2×2 quadrants; fill the quadrant containing the input’s lone 2 with 2s and all other quadrants with 6s.",
  "hints": [
    "1) Best: Find the unique ‘2’, compute its 2×2 quadrant index, then fill that quadrant with 2 and fill all other quadrants with 6.",
    "2) Alternative: Always fill the bottom quadrant based on whether the 2 is in the bottom half; rejected because the test 2 is in the top half.",
    "3) Alternative: Fill the quadrant containing the most frequent non-6 color; rejected because in training the majority non-6 values vary and do not predict the filled quadrant."
  ],
  "confidence": 95,
  "apiProcessingTimeMs": 24263,
  "predictedOutputGrid": [
    [
      2,
      2,
      6,
      6
    ],
    [
      2,
      2,
      6,
      6
    ],
    [
      6,
      6,
      6,
      6
    ],
    [
      6,
      6,
      6,
      6
    ]
  ],
  "hasMultiplePredictions": false,
  "isPredictionCorrect": true,
  "predictionAccuracyScore": 0.975,
  "modelKey": "o4-mini-2025-04-16",
  "actualProcessingTime": 24
}