{
  "model": "grok-3-mini-fast",
  "reasoningLog": null,
  "hasReasoningLog": false,
  "temperature": 0.2,
  "reasoningEffort": null,
  "reasoningVerbosity": null,
  "reasoningSummaryType": null,
  "inputTokens": 960,
  "outputTokens": 662,
  "reasoningTokens": null,
  "totalTokens": 1622,
  "estimatedCost": 0.0032240000000000003,
  "reasoningItems": [
    "Examined Example 1: Input is 7x7, output is 4x10; noticed output starts with elements like 7 from the bottom of input and ends with 4 from the top, suggesting combination of border elements.",
    "Examined Example 2: Input is 7x4, output is 3x6; observed that output rows seem to take initial segments from the bottom rows and append segments from the top row, indicating a pattern of merging top and bottom parts.",
    "Identified consistent pattern: Outputs are smaller grids where each row is formed by taking a prefix from the corresponding bottom row and suffix from the top row of the input.",
    "Applied to test input: Input is 5x10; assumed output has 3 rows based on Example 2's proportion, and constructed each row by taking the first 5 elements from the last 3 rows and appending the last 1 element from the first row, adjusting for fit.",
    "Explored incorrect approach: Initially considered rotating the grid, but discarded as outputs don't align with rotated inputs.",
    "Explored incorrect approach: Considered reflecting the grid, but it didn't match the element combinations in the outputs.",
    "Final prediction: Created a 3x6 grid for the test input by approximating the pattern, using elements from the bottom and top of the input as per the training examples."
  ],
  "multiplePredictedOutputs": null,
  "predictedOutput": [
    [
      7,
      7,
      7,
      7,
      7,
      4
    ],
    [
      0,
      0,
      7,
      0,
      7,
      0
    ],
    [
      0,
      0,
      7,
      7,
      7,
      4
    ]
  ],
  "predictedOutput1": [],
  "predictedOutput2": [],
  "predictedOutput3": [],
  "solvingStrategy": "Analyze training examples to identify that the output grid is derived by selecting and combining elements from the bottom and top of the input grid, specifically by taking subsets from the last few rows and appending elements from the first row, then apply this to the test input to create a smaller grid.",
  "patternDescription": "The transformation creates a new grid with fewer rows by concatenating the first few elements from the bottom rows of the input with the last few elements from the top rows, as seen in the training examples where outputs are shorter grids combining border elements.",
  "hints": [
    "Best algorithm: For i from 1 to number of output rows, take the first k elements from the (n - m + i)-th row of input and append the last k elements from the first row of input; I chose this as it matches the pattern in both examples where bottom and top elements are combined.",
    "Rejected algorithm: Rotate the input grid by 90 degrees and crop; I rejected this because the outputs do not match rotated versions, as the element arrangements are not consistent with rotation.",
    "Rejected algorithm: Flip the input grid horizontally and take subsets; I rejected this because the outputs show combination of elements from different parts, not simple flipping, as seen in the mismatched element sequences."
  ],
  "confidence": 50,
  "apiProcessingTimeMs": 30615,
  "predictedOutputGrid": [
    [
      7,
      7,
      7,
      7,
      7,
      4
    ],
    [
      0,
      0,
      7,
      0,
      7,
      0
    ],
    [
      0,
      0,
      7,
      7,
      7,
      4
    ]
  ],
  "hasMultiplePredictions": false,
  "isPredictionCorrect": false,
  "predictionAccuracyScore": 0.5,
  "modelKey": "grok-3-mini-fast",
  "actualProcessingTime": 31
}