{
  "model": "grok-4-0709",
  "reasoningLog": null,
  "hasReasoningLog": false,
  "temperature": 0.2,
  "reasoningEffort": null,
  "reasoningVerbosity": null,
  "reasoningSummaryType": null,
  "inputTokens": 1454,
  "outputTokens": 536,
  "reasoningTokens": null,
  "totalTokens": 1990,
  "estimatedCost": 0.012402,
  "reasoningItems": [
    "Examined example 1: Input has rows A=[1,1,0], B=[1,1,1], C=[0,0,0]; output is A B C C B A.",
    "Noted that output is input rows + reversed input rows, resulting in palindromic row sequence.",
    "Verified with example 2: Rows D=[0,0,0], E=[1,0,1], F=[1,1,0]; output D E F F E D, matches pattern.",
    "Checked example 3: Rows G=[0,0,0], H=[0,0,1], I=[0,0,1]; output G H I I H G, consistent.",
    "Considered if it's a vertical mirror without duplication, but that would omit the duplicated middle rows, not matching outputs.",
    "Explored color-based transformations, but no consistent color mapping across examples.",
    "Applied pattern to test: Rows J=[0,0,0], K=[0,0,1], L=[1,0,0]; predicted J K L L K J.",
    "Confidence high due to perfect match across all training, but slight uncertainty if puzzle involves column operations not observed."
  ],
  "multiplePredictedOutputs": null,
  "predictedOutput": [
    [
      0,
      0,
      0
    ],
    [
      0,
      0,
      1
    ],
    [
      1,
      0,
      0
    ],
    [
      1,
      0,
      0
    ],
    [
      0,
      0,
      1
    ],
    [
      0,
      0,
      0
    ]
  ],
  "predictedOutput1": [],
  "predictedOutput2": [],
  "predictedOutput3": [],
  "solvingStrategy": "DEFINE FUNCTION mirror_rows(grid): LET rows = grid; LET reversed_rows = REVERSE(rows); RETURN CONCAT(rows, reversed_rows); APPLY mirror_rows TO input.",
  "confidence": 95,
  "patternDescription": "The output is the input grid's rows concatenated with the reverse order of those rows, effectively doubling the height and creating a vertically palindromic structure with the middle rows duplicated.",
  "hints": [
    "Best: Extract rows, append reversed rows; chosen because it matches all training examples exactly without exceptions.",
    "Alternative: Flip each row horizontally then append; rejected because output rows are not horizontally flipped in any training example (e.g., [1,1,0] remains [1,1,0], not [0,1,1]).",
    "Alternative: Rotate grid 180 degrees and overlay; rejected because it would alter cell positions within rows, not matching the observed row-wise reversal."
  ],
  "apiProcessingTimeMs": 55037,
  "predictedOutputGrid": [
    [
      0,
      0,
      0
    ],
    [
      0,
      0,
      1
    ],
    [
      1,
      0,
      0
    ],
    [
      1,
      0,
      0
    ],
    [
      0,
      0,
      1
    ],
    [
      0,
      0,
      0
    ]
  ],
  "hasMultiplePredictions": false,
  "isPredictionCorrect": true,
  "predictionAccuracyScore": 0.975
}