{
  "model": "grok-3-mini",
  "reasoningLog": null,
  "hasReasoningLog": false,
  "temperature": 0.2,
  "reasoningEffort": null,
  "reasoningVerbosity": null,
  "reasoningSummaryType": null,
  "inputTokens": 3426,
  "outputTokens": 616,
  "reasoningTokens": null,
  "totalTokens": 4042,
  "estimatedCost": 0.0013357999999999998,
  "reasoningItems": [
    "Examined training examples: Each input has blocks of numbers, and outputs are smaller grids with numbers from those blocks.",
    "Identified that outputs contain numbers like 3, 1, or 8 from the input's prominent sections, arranged in a shape.",
    "Noted input sizes: 19x19 to 4x4, 11x11 to 3x3, so for 23x23, assumed 5x5 output based on proportional scaling.",
    "Applied pattern to test input: Selected 1 from top, 3 from middle, and arranged in a grid similar to Example 1's shape.",
    "Explored incorrect approaches: Initially considered full grid reduction, but discarded as outputs are selective, not comprehensive."
  ],
  "multiplePredictedOutputs": null,
  "predictedOutput": [
    [
      0,
      0,
      0,
      0,
      1
    ],
    [
      0,
      0,
      0,
      3,
      0
    ],
    [
      0,
      0,
      3,
      0,
      0
    ],
    [
      0,
      3,
      0,
      0,
      0
    ],
    [
      3,
      0,
      0,
      0,
      0
    ]
  ],
  "predictedOutput1": [],
  "predictedOutput2": [],
  "predictedOutput3": [],
  "solvingStrategy": "Extract key numbers from the input grid, such as those in prominent positions like the top, middle, and bottom blocks, and arrange them in a smaller grid that mirrors the pattern of training examples, where numbers like 3, 1, or 8 are placed in a structured shape.",
  "patternDescription": "The transformation extracts specific numbers from the input grid's key sections (e.g., top for 1, middle for 3) and forms a smaller grid, with the size based on the input's dimensions (e.g., 23x23 inputs produce a 5x5 grid) and arranges them in a shape similar to the outputs observed.",
  "hints": [
    {
      "algorithm": "Scan the input grid for numbers greater than 0 in the top, middle, and bottom sections, then place them in a new grid starting from the bottom-left and building upwards; for a 23x23 grid, create a 5x5 output.",
      "reasonRejected": "This is the best one as it matches the observed pattern of selecting and arranging key numbers; the other algorithms were rejected because they don't align with the examples."
    },
    {
      "algorithm": "Take the entire input grid and scale it down by averaging numbers in blocks.",
      "reasonRejected": "Rejected because the outputs are not averaged or scaled versions but specific selections of numbers in distinct shapes, as seen in the training examples."
    },
    {
      "algorithm": "Extract the diagonal elements from the input grid and form the output.",
      "reasonRejected": "Rejected because the outputs do not correspond to diagonals but to specific blocks of numbers in the input, as evidenced by the training data."
    }
  ],
  "confidence": 50,
  "apiProcessingTimeMs": 66808,
  "predictedOutputGrid": [
    [
      0,
      0,
      0,
      0,
      1
    ],
    [
      0,
      0,
      0,
      3,
      0
    ],
    [
      0,
      0,
      3,
      0,
      0
    ],
    [
      0,
      3,
      0,
      0,
      0
    ],
    [
      3,
      0,
      0,
      0,
      0
    ]
  ],
  "hasMultiplePredictions": false,
  "isPredictionCorrect": false,
  "predictionAccuracyScore": 0.5
}