{
  "model": "grok-3-mini-fast",
  "reasoningLog": null,
  "hasReasoningLog": false,
  "temperature": 0.2,
  "reasoningEffort": null,
  "reasoningVerbosity": null,
  "reasoningSummaryType": null,
  "inputTokens": 3426,
  "outputTokens": 545,
  "reasoningTokens": null,
  "totalTokens": 3971,
  "estimatedCost": 0.0042356,
  "reasoningItems": [
    "Examined training examples and noticed inputs are divided into sections by full rows of the same number (e.g., all 2's or 8's).",
    "In Example 1, 4 sections lead to a 4x4 output; Example 2 also has 4 sections; Example 3 has 3 sections for a 3x3 output.",
    "For the test case, identified 4 sections separated by full rows of 8's (at rows 5, 11, and 17), so output is 4x4.",
    "Observed that outputs feature key numbers (like 3) in specific patterns, such as an L-shape, likely from the last or prominent sections.",
    "Assumed the pattern from Example 1 for the test case, placing 3 (a key number in the input) in a similar L-shape.",
    "Considered if outputs are direct extractions or rotations but discarded as they don't align with the section-based size variation."
  ],
  "multiplePredictedOutputs": null,
  "predictedOutput": [
    [
      0,
      0,
      0,
      3
    ],
    [
      0,
      0,
      3,
      0
    ],
    [
      0,
      3,
      0,
      0
    ],
    [
      0,
      3,
      3,
      3
    ]
  ],
  "predictedOutput1": [],
  "predictedOutput2": [],
  "predictedOutput3": [],
  "solvingStrategy": "Identify sections in the input grid separated by full rows of the same number. The number of sections determines the output grid size (N x N). Extract key numbers, such as the prominent number in each section, and arrange them in a pattern similar to the training examples, like an L-shape for the last section.",
  "patternDescription": "The output is an N x N grid where N is the number of sections in the input, with numbers from the sections arranged in a specific shape, such as placing the key number (e.g., 3) in a L-shape in the bottom-right.",
  "hints": [
    "Best: Count sections separated by full rows of the same number, determine N, and construct the output by taking the key number from each section and arranging it in a pattern like the examples; this works as it matches the varying output sizes.",
    "Alternative 1: Consider subgrid extraction from the input, but rejected because the output grids do not directly correspond to any fixed subgrid and vary in size based on sections.",
    "Alternative 2: Check for simple transformations like rotation, but rejected as the outputs are new grids derived from section patterns, not transformations of the entire input."
  ],
  "confidence": 60,
  "apiProcessingTimeMs": 24184,
  "predictedOutputGrid": [
    [
      0,
      0,
      0,
      3
    ],
    [
      0,
      0,
      3,
      0
    ],
    [
      0,
      3,
      0,
      0
    ],
    [
      0,
      3,
      3,
      3
    ]
  ],
  "hasMultiplePredictions": false,
  "isPredictionCorrect": false,
  "predictionAccuracyScore": 0.4,
  "modelKey": "grok-3-mini-fast",
  "actualProcessingTime": 24
}