{
  "model": "o4-mini-2025-04-16",
  "reasoningLog": "[{\"type\":\"summary_text\",\"text\":\"**Mapping color clusters**\\n\\nI need to determine the bounding box for each color cluster and find its centroid, then map those positions onto a new grid according to cluster counts. The output will be an occupancy grid where each cell is labeled with the color of the nearest cluster. For example, if I have three clusters, I should use their defined bounding boxes to place them accurately on a minimal bounding grid, considering the relative positions of clusters to simplify the structure.\"},{\"type\":\"summary_text\",\"text\":\"**Understanding cluster positioning**\\n\\nI'm dividing by 2 to find values for positions, like (0,1) mapping to 1, but the output doesn't match the expected coordinates for clusters. Alternate approach: maybe using the top-left corner of each bounding box instead. For instance, I've identified several clusters with different coordinates and should calculate their relative top-lefts. \\n\\nIt seems that the output forms a specific pattern that's symmetrical, with the main cluster shape being a 2x3 rectangle. This indicates the cluster arrangement holds a distinct formation, with surrounding shapes representing other clusters.\"},{\"type\":\"summary_text\",\"text\":\"**Analyzing cluster mapping**\\n\\nI’m starting with the idea of assigning colors from the nearest cluster to each block in a grid. It seems that I need to look at block centers and decide how to label them based on nearby color clusters. For example, when checking block (0,0), it’s clear there are no objects, so I default to the nearest cluster color.\\n\\nHowever, there are discrepancies in the output when it comes to blocks that do contain objects, leading me to think that I might need to rethink the algorithm. Instead, I could reconsider the mapping by focusing on cluster positions relative to one another. It's all about determining the unique coordinates of cluster centers and using that to project them onto a new grid layout.\"},{\"type\":\"summary_text\",\"text\":\"**Exploring cluster alignment**\\n\\nIt looks like the clusters overlap at the center after alignment, yet in the output, the three instances of the number 4 aren’t centered at all. This suggests that instead of aligning by their centers, the process might align top-left corners to the origin. This would change how clusters are represented. \\n\\nIt also appears I should consider bounding boxes and maintain relative positions. I notice that both example inputs have distinct shapes and clusters, which might contribute to the final output dimensions by reflecting the counts and arrangements of clusters. Let’s keep analyzing the examples to understand the pattern better!\"},{\"type\":\"summary_text\",\"text\":\"**Analyzing overlay algorithm**\\n\\nIt seems the test input uses an algorithm similar to previous ones, where cluster shapes for specific colors, like 1, 3, 8, 6, and 9, are overlaid at the output grid's center—likely based on the most populous cluster. I'm thinking I should initiate the process by sorting clusters from smallest to largest when filling the background.\\n\\nThe background color appears to be the most frequent color in the input, which might be different from the one originally used. I'll need to confirm cluster counts and positions to ensure all shapes align correctly, following the logic of previous examples. This could clarify the final output structure.\"}]",
  "hasReasoningLog": true,
  "temperature": 0.2,
  "reasoningEffort": null,
  "reasoningVerbosity": null,
  "reasoningSummaryType": null,
  "inputTokens": 2213,
  "outputTokens": 24021,
  "reasoningTokens": 23360,
  "totalTokens": 49594,
  "estimatedCost": 0.1081267,
  "status": "completed",
  "incomplete": false,
  "reasoningItems": [
    "Training examples show an overlay pattern: the largest cluster becomes a ring-shaped background and the next-largest cluster fills interior spaces.",
    "Example 1: color 3 has the most cells (14), its 5×5 bounding box is the output size, and unused cells are filled by smaller clusters.",
    "Example 2: color 2 is largest (13), its 8×5 bounding box gives the output size, and other clusters are overlaid at their relative centers.",
    "In the test input, color 8 forms the largest ring; its bounding box spans rows 2–9 and cols 4–8 → output 8×5.",
    "Overlay all other clusters by centering them in this box; border remains 8, interior holes are filled by color 3.",
    "Due to limited unambiguous info on precise offsets for other colors, we fill only the ring and hole background.",
    "Prediction assumes interior is uniformly filled by color 3, the next-largest cluster.",
    "Actual overlay positions of 1,3,6,9 clusters would refine this pattern.",
    ""
  ],
  "multiplePredictedOutputs": null,
  "predictedOutput": [
    [
      8,
      8,
      8,
      8,
      8
    ],
    [
      8,
      3,
      3,
      3,
      8
    ],
    [
      8,
      3,
      3,
      3,
      8
    ],
    [
      8,
      3,
      3,
      3,
      8
    ],
    [
      8,
      3,
      3,
      3,
      8
    ],
    [
      8,
      3,
      3,
      3,
      8
    ],
    [
      8,
      3,
      3,
      3,
      8
    ],
    [
      8,
      8,
      8,
      8,
      8
    ]
  ],
  "predictedOutput1": [],
  "predictedOutput2": [],
  "predictedOutput3": [],
  "solvingStrategy": "1. Identify all clusters of colored cells in the input, ignoring the background color 4.\n2. Count the sizes of each color cluster; select the color with the maximum cell count (color 8) as the background layer.\n3. Compute the bounding box of the background cluster; its height H and width W define the output grid dimensions (8×5).\n4. Initialize an H×W grid filled with the background color 8.\n5. For each remaining color cluster, extract its shape (cell offsets relative to its center) and project it onto the background grid by aligning its center to the background bounding box center and placing its cells into the corresponding output coordinates.\n6. If multiple clusters map to the same output cell, the cluster with fewer cells is drawn last to override.\n7. Fill any cells not covered by non-background clusters with the color of the second-largest cluster (color 3).\n8. Return the resulting grid.",
  "patternDescription": "Make the biggest color cluster the background ring in a grid its bounding box size, then overlay other clusters by centering their shapes on it, and fill any empty interior with the next-biggest cluster color.",
  "hints": [
    "Consider taking the largest non‐background color cluster, compute its bounding box, and resize the output grid to that box.",
    "Next, compute the center of each cluster shape and translate them so all centers align in that box before overlaying.",
    "Uncovered cells after overlay should be filled by the color of the cluster with the second‐largest size."
  ],
  "confidence": 0,
  "apiProcessingTimeMs": 570881,
  "predictedOutputGrid": [
    [
      8,
      8,
      8,
      8,
      8
    ],
    [
      8,
      3,
      3,
      3,
      8
    ],
    [
      8,
      3,
      3,
      3,
      8
    ],
    [
      8,
      3,
      3,
      3,
      8
    ],
    [
      8,
      3,
      3,
      3,
      8
    ],
    [
      8,
      3,
      3,
      3,
      8
    ],
    [
      8,
      3,
      3,
      3,
      8
    ],
    [
      8,
      8,
      8,
      8,
      8
    ]
  ],
  "hasMultiplePredictions": false,
  "isPredictionCorrect": false,
  "predictionAccuracyScore": 1
}