{
  "model": "o4-mini-2025-04-16",
  "reasoningLog": "[object Object],[object Object],[object Object],[object Object]",
  "hasReasoningLog": true,
  "temperature": 0.2,
  "reasoningEffort": null,
  "reasoningVerbosity": null,
  "reasoningSummaryType": null,
  "inputTokens": 2213,
  "outputTokens": 11849,
  "reasoningTokens": 11200,
  "totalTokens": 25262,
  "estimatedCost": 0.054569900000000005,
  "status": "completed",
  "incomplete": false,
  "reasoningItems": [
    "Training1: largest non‐bg is 3→bbox 5×5→no vertical scale→5×5 output",
    "Other colors 1,6,4 mapped to central interior, bottom center, and three border points respectively",
    "Training2: largest non‐bg is 2→bbox 4×5→height<width→scale height×2→8×5 output",
    "Other shapes (1,8,6,5,4) mapped in order to interior, mid‐borders, and corners",
    "Test: non‐bg colors {8,3,1,6,9}→8 cluster is most frequent→bbox rows2–9,cols4–8=8×5→height>width→no vertical scale→output 8×5",
    "Apply same border‐mapping: 3→interior (mapping from training2’s 1→3), 8 stays anchor, 6→side mid, 1 and 9 to corners",
    "Produce the 8×5 grid above"
  ],
  "multiplePredictedOutputs": null,
  "predictedOutput": [
    [
      9,
      3,
      3,
      3,
      9
    ],
    [
      3,
      8,
      8,
      8,
      3
    ],
    [
      3,
      3,
      8,
      3,
      3
    ],
    [
      6,
      3,
      8,
      3,
      6
    ],
    [
      6,
      1,
      4,
      1,
      6
    ],
    [
      1,
      1,
      4,
      1,
      1
    ],
    [
      1,
      4,
      4,
      4,
      1
    ],
    [
      9,
      1,
      1,
      1,
      9
    ]
  ],
  "predictedOutput1": [],
  "predictedOutput2": [],
  "predictedOutput3": [],
  "solvingStrategy": "// Identify the dominant non‐background cluster (“anchor”)\nanchor = find_color_with_max_count(input)\n// Extract its minimal bounding rectangle\nbbox = bounding_box_of_color(input, anchor)\nregion = crop(input, bbox)\n// Determine vertical scaling: if region.height < region.width, double the height\nout_h = region.height * (region.height < region.width ? 2 : 1)\nout_w = region.width\n// Initialize output with default = anchor\noutput = fill(out_h, out_w, anchor)\n// Collect other shapes outside bbox\nshapes = find_color_clusters_outside_bbox(input, bbox)\nfor each shape in shapes sorted by provenance order:\n  mapped_color = shape.color\n  side = relative_position_of_shape_to_bbox(shape, bbox) // top, bottom, left, right, corner\n  positions = map_shape_positions_to_border(side, region, out_h, out_w)\n  for each pos in positions:\n    output[pos.y][pos.x] = mapped_color\nreturn output",
  "patternDescription": "Pick the largest colored region, crop it, scale vertically if narrower than wide, then place other color clusters onto the borders of that cropped shape preserving their relative positions.",
  "hints": [
    "Try extracting the most common non‐background color’s bounding box as your template.",
    "Consider doubling the template height when it’s shorter than it is wide.",
    "Overlay the other colors at border positions corresponding to where they lie relative to the template in the input."
  ],
  "confidence": 15,
  "apiProcessingTimeMs": 138430,
  "predictedOutputGrid": [
    [
      9,
      3,
      3,
      3,
      9
    ],
    [
      3,
      8,
      8,
      8,
      3
    ],
    [
      3,
      3,
      8,
      3,
      3
    ],
    [
      6,
      3,
      8,
      3,
      6
    ],
    [
      6,
      1,
      4,
      1,
      6
    ],
    [
      1,
      1,
      4,
      1,
      1
    ],
    [
      1,
      4,
      4,
      4,
      1
    ],
    [
      9,
      1,
      1,
      1,
      9
    ]
  ],
  "hasMultiplePredictions": false,
  "isPredictionCorrect": false,
  "predictionAccuracyScore": 0.85,
  "modelKey": "o4-mini-2025-04-16",
  "actualProcessingTime": 138
}