{
  "model": "x-ai/grok-4",
  "hasReasoningLog": false,
  "temperature": 0.2,
  "reasoningEffort": null,
  "reasoningVerbosity": null,
  "reasoningSummaryType": null,
  "inputTokens": 2005,
  "outputTokens": 8581,
  "reasoningTokens": null,
  "totalTokens": 10586,
  "estimatedCost": 0.13473,
  "reasoningItems": [
    "Observed input structure: 13 rows, middle row of 7s separating two 6x4 patterns.",
    "Top pattern uses 2 on 0, bottom uses 6 on 0.",
    "Outputs are 6x4 with 8 on 0.",
    "Hypothesized: 8 where top has 2 or bottom has 6 - but that would be union, too filled.",
    "Tried AND: 8 where both filled - didn't match.",
    "Tried where both empty: matched ex1 perfectly.",
    "Verified on ex2: matched all rows.",
    "Verified on ex3 and ex4: perfect match.",
    "Applied to test: computed positions where both 0.",
    "Incorrect approach explored: assuming rotation of patterns, rejected as dimensions don't change.",
    "Another incorrect: color mapping 2+6=8, but positions didn't align."
  ],
  "multiplePredictedOutputs": null,
  "predictedOutput": [
    [
      0,
      0,
      8,
      0
    ],
    [
      0,
      0,
      0,
      8
    ],
    [
      0,
      8,
      8,
      0
    ],
    [
      0,
      0,
      0,
      0
    ],
    [
      0,
      8,
      0,
      0
    ],
    [
      8,
      8,
      0,
      0
    ]
  ],
  "predictedOutput1": [],
  "predictedOutput2": [],
  "predictedOutput3": [],
  "solvingStrategy": "Define DSL operations: extractTop(grid) returns rows 0-5 with 2 as filled; extractBottom(grid) returns rows 7-12 with 6 as filled; bothEmpty(top, bottom, i, j) returns true if top[i][j] == 0 and bottom[i][j] == 0; generateOutput(top, bottom) creates 6x4 grid with 8 where bothEmpty true, else 0.",
  "patternDescription": "The input is divided by the row of 7s into top (color 2) and bottom (color 6) 6x4 patterns. Output places 8 where both patterns have 0 (background) in the same position, otherwise 0.",
  "hints": [
    "Best: Extract top and bottom subgrids, for each position if both ==0 set 8 else 0. This directly matches all training examples.",
    "Alternative 1: Compute XOR of top and bottom, rejected because it doesn't match positions in any example, e.g., ex1 row0 would be empty but output isn't.",
    "Alternative 2: Place 8 where either is 0, rejected as it fills too many positions, not matching sparse outputs like ex3."
  ],
  "confidence": 100,
  "apiProcessingTimeMs": 184576,
  "predictedOutputGrid": [
    [
      0,
      0,
      8,
      0
    ],
    [
      0,
      0,
      0,
      8
    ],
    [
      0,
      8,
      8,
      0
    ],
    [
      0,
      0,
      0,
      0
    ],
    [
      0,
      8,
      0,
      0
    ],
    [
      8,
      8,
      0,
      0
    ]
  ],
  "hasMultiplePredictions": false,
  "isPredictionCorrect": true,
  "predictionAccuracyScore": 1
}