{
  "model": "x-ai/grok-4",
  "hasReasoningLog": false,
  "temperature": 0.2,
  "reasoningEffort": null,
  "reasoningVerbosity": null,
  "reasoningSummaryType": null,
  "inputTokens": 2005,
  "outputTokens": 9473,
  "reasoningTokens": null,
  "totalTokens": 11478,
  "estimatedCost": 0.14811,
  "reasoningItems": [
    "Examined the structure: Inputs are 13x4 grids with a separator row of 7's dividing two 6x4 patterns.",
    "Noted upper patterns use color 2, lower use 6, outputs use 8 in specific positions.",
    "Initially considered overlay operations like union or intersection, but found 8 appears where both are 0.",
    "Verified that 8 positions exactly match where both upper and lower are 0 in all training examples.",
    "Explored incorrect approach: Thought it might be XOR of positions, but that didn't match since both filled would be 0, but both empty would be 0, not 8.",
    "Another incorrect idea: Perhaps rotation or reflection of one pattern, but shapes didn't align.",
    "Confirmed the rule holds for all four training examples with no exceptions.",
    "Applied the rule to the test input to generate the predicted output."
  ],
  "multiplePredictedOutputs": null,
  "predictedOutput": [
    [
      0,
      0,
      8,
      0
    ],
    [
      0,
      0,
      0,
      8
    ],
    [
      0,
      8,
      8,
      0
    ],
    [
      0,
      0,
      0,
      0
    ],
    [
      0,
      8,
      0,
      0
    ],
    [
      8,
      8,
      0,
      0
    ]
  ],
  "predictedOutput1": [],
  "predictedOutput2": [],
  "predictedOutput3": [],
  "solvingStrategy": "Define a DSL function: processGrids(upper, lower) { for r in 0 to 5 { for c in 0 to 3 { if upper[r][c] == 0 && lower[r][c] == 0 { output[r][c] = 8 } else { output[r][c] = 0 } } } return output; } Apply to the sections above and below the separator.",
  "patternDescription": "The output grid has color 8 in positions where both the upper pattern (marked by 2) and the lower pattern (marked by 6) have color 0, and 0 elsewhere.",
  "hints": [
    "Best: Iterate over each position; set to 8 if both upper and lower are 0, else 0. This fits all training examples perfectly.",
    "Alternative 1: Set to 8 where upper is 0 or lower is 0 (union complement). Rejected because it would place 8 where only one is 0, but training outputs only have 8 where both are 0.",
    "Alternative 2: Set to 8 where upper and lower differ. Rejected because positions where one is filled and the other empty would get 8, but training shows 0 there, and both empty get 8 which wouldn't fit XOR."
  ],
  "confidence": 100,
  "apiProcessingTimeMs": 154238,
  "predictedOutputGrid": [
    [
      0,
      0,
      8,
      0
    ],
    [
      0,
      0,
      0,
      8
    ],
    [
      0,
      8,
      8,
      0
    ],
    [
      0,
      0,
      0,
      0
    ],
    [
      0,
      8,
      0,
      0
    ],
    [
      8,
      8,
      0,
      0
    ]
  ],
  "hasMultiplePredictions": false,
  "isPredictionCorrect": true,
  "predictionAccuracyScore": 1,
  "modelKey": "x-ai/grok-4",
  "actualProcessingTime": 154
}