{
  "model": "mistralai/codestral-2508",
  "reasoningLog": null,
  "hasReasoningLog": false,
  "temperature": 0.2,
  "reasoningEffort": null,
  "reasoningVerbosity": null,
  "reasoningSummaryType": null,
  "inputTokens": 6541,
  "outputTokens": 4000,
  "reasoningTokens": null,
  "totalTokens": 10541,
  "estimatedCost": 0.0055623,
  "reasoningItems": [],
  "patternDescription": "[PARSE ERROR] The OpenRouter mistralai/codestral-2508 model provided a response that could not be parsed as JSON. This may indicate the model generated invalid formatting or the response was truncated.",
  "solvingStrategy": "Response parsing failed with error: JSON appears to be truncated. Raw response preview: \"\n{\n  \"multiplePredictedOutputs\": true,\n  \"predictedOutput\": [],\n  \"predictedOutput1\": [\n    [\n      0, 1, 0, 2, 0, 7, 0, 5, 0, 0, 2, 0, 8, 0, 6, 0, 4, 0\n    ],\n    [\n      1, 1, 2, 2, 7, 7, 5, 5, 0, 0...\"",
  "hints": [
    "The model response could not be parsed as valid JSON",
    "This may indicate formatting issues or response truncation",
    "Try adjusting temperature or max_output_tokens settings"
  ],
  "confidence": 0,
  "parseError": true,
  "recoveryMethod": "validation_compliant_fallback",
  "originalError": "JSON appears to be truncated",
  "responsePreview": "\n{\n  \"multiplePredictedOutputs\": true,\n  \"predictedOutput\": [],\n  \"predictedOutput1\": [\n    [\n      0, 1, 0, 2, 0, 7, 0, 5, 0, 0, 2, 0, 8, 0, 6, 0, 4, 0\n    ],\n    [\n      1, 1, 2, 2, 7, 7, 5, 5, 0, 0, 2, 2, 8, 8, 6, 6, 4, 4\n    ],\n    [\n      0, 2, 0, 0, 0, 0, 0, 0, 0, 0, 0, 0, 0, 0, 0, 0, 6, 0\n    ],\n    [\n      2, 2, 0, 0, 0, 0, 0, 0, 0, 0, 0, 0, 0, 0, 0, 0, 6, 6\n    ],\n    [\n      0, 7, 0, 0, 0, 0, 0, 0, 0, 0, 0, 0, 0, 0, 0, 0, 8, 0\n    ],\n    [\n      7, 7, 0, 0, 0, 0, 0, 0, 0, 0, 0, 0, 0, 0, 0, 0, 8, 8\n    ],\n    [\n      0, 5, 0, 0, 0, 0, 0, 0, 0, 0, 0, 0, 0, 0, 0, 0, 2, 0\n    ],\n    [\n      5, 5, 0, 0, 0, 0, 0, 0, 0, 0, 0, 0, 0, 0, 0, 0, 2, 2\n    ],\n    [\n      0, 0, 0, 0, 0, 0, 0, 0, 0, 0, 0, 0, 0, 0, 0, 0, 0, 0\n    ],\n    [\n      0, 0, 0, 0, 0, 0, 0, 0, 0, 0, 0, 0, 0, 0, 0, 0, 0, 0\n    ],\n    [\n      0, 0, 0, 0, 0, 0, 0, 0, 0, 0, 0, 0, 0, 0, 0, 0, 0, 0\n    ],\n    [\n      0, 0, 0, 0, 0, 0, 0, 0, 0, 0, 0, 0, 0, 0, 0, 0, 0, 0\n    ],\n    [\n      0, 0, 0, 0, 0, 0, 0, 0, 0, 0, 0, 0, ",
  "apiProcessingTimeMs": 16932,
  "predictedOutputGrid": null,
  "multiplePredictedOutputs": null,
  "hasMultiplePredictions": false,
  "isPredictionCorrect": false,
  "predictionAccuracyScore": 1
}