{
  "model": "nousresearch/hermes-4-70b",
  "reasoningLog": "{\"multiplePredictedOutputs\": false, \"predictedOutput\": [[2, 2, 2, 2, 2, 7, 7, 7, 7], [2, 2, 2, 2, 2, 7, 7, 7, 7], [2, 2, 2, 2, 2, 7, 7, 7, 7]], \"predictedOutput1\": [], \"predictedOutput2\": [], \"predictedOutput3\": [], \"solvingStrategy\": \"The transformation involves replacing each 5 in the input grid with a unique number based on its position relative to other 5s. The pattern is determined by the arrangement of 5s in the input grid. The output grid is filled with the same number in regions where 5s are connected or adjacent, and different numbers are used for separate regions of 5s. The numbers used in the output are determined by the order in which the regions appear when scanning the grid from top to bottom, left to right.\", \"keySteps\": \"1. Analyze the training examples to identify the pattern of replacing 5s with numbers based on their grouping. 2. Observe that each group of connected 5s is assigned a unique number, and the same number is repeated in the output grid for that region. 3. Determine the numbering order by scanning the grid from top to bottom, left to right. 4. Apply this pattern to the test case input, identifying the two separate regions of 5s and assigning them the numbers 2 and 7 based on their positions.\", \"patternDescription\": \"The transformation replaces each 5 in the input grid with a number based on its position relative to other 5s. The output grid is filled with the same number in regions where 5s are connected or adjacent, and different numbers are used for separate regions of 5s. The numbers used in the output are determined by the order in which the regions appear when scanning the grid from top to bottom, left to right.\", \"hints\": [\"Scan the grid from top to bottom, left to right, and assign a unique number to each region of connected 5s in the order they appear.\", \"Use a flood fill algorithm to identify connected regions of 5s and assign them numbers based on their order of appearance.\", \"🔍 Scan grid → 🧩 Identify 5 regions → 🎨 Assign numbers in order → 🖼️ Fill output grid\"], \"confidence\": 100}",
  "hasReasoningLog": true,
  "temperature": 0.2,
  "reasoningEffort": null,
  "reasoningVerbosity": null,
  "reasoningSummaryType": null,
  "inputTokens": 1099,
  "outputTokens": 527,
  "reasoningTokens": null,
  "totalTokens": 1626,
  "estimatedCost": 0.00026137999999999997,
  "multiplePredictedOutputs": null,
  "predictedOutput": [
    [
      2,
      2,
      2,
      2,
      2,
      7,
      7,
      7,
      7
    ],
    [
      2,
      2,
      2,
      2,
      2,
      7,
      7,
      7,
      7
    ],
    [
      2,
      2,
      2,
      2,
      2,
      7,
      7,
      7,
      7
    ]
  ],
  "predictedOutput1": [],
  "predictedOutput2": [],
  "predictedOutput3": [],
  "solvingStrategy": "The transformation involves replacing each 5 in the input grid with a unique number based on its position relative to other 5s. The pattern is determined by the arrangement of 5s in the input grid. The output grid is filled with the same number in regions where 5s are connected or adjacent, and different numbers are used for separate regions of 5s. The numbers used in the output are determined by the order in which the regions appear when scanning the grid from top to bottom, left to right.",
  "keySteps": "1. Analyze the training examples to identify the pattern of replacing 5s with numbers based on their grouping. 2. Observe that each group of connected 5s is assigned a unique number, and the same number is repeated in the output grid for that region. 3. Determine the numbering order by scanning the grid from top to bottom, left to right. 4. Apply this pattern to the test case input, identifying the two separate regions of 5s and assigning them the numbers 2 and 7 based on their positions.",
  "patternDescription": "The transformation replaces each 5 in the input grid with a number based on its position relative to other 5s. The output grid is filled with the same number in regions where 5s are connected or adjacent, and different numbers are used for separate regions of 5s. The numbers used in the output are determined by the order in which the regions appear when scanning the grid from top to bottom, left to right.",
  "hints": [
    "Scan the grid from top to bottom, left to right, and assign a unique number to each region of connected 5s in the order they appear.",
    "Use a flood fill algorithm to identify connected regions of 5s and assign them numbers based on their order of appearance.",
    "🔍 Scan grid → 🧩 Identify 5 regions → 🎨 Assign numbers in order → 🖼️ Fill output grid"
  ],
  "confidence": 100,
  "apiProcessingTimeMs": 8033,
  "predictedOutputGrid": [
    [
      2,
      2,
      2,
      2,
      2,
      7,
      7,
      7,
      7
    ],
    [
      2,
      2,
      2,
      2,
      2,
      7,
      7,
      7,
      7
    ],
    [
      2,
      2,
      2,
      2,
      2,
      7,
      7,
      7,
      7
    ]
  ],
  "hasMultiplePredictions": false,
  "isPredictionCorrect": false,
  "predictionAccuracyScore": 0
}