{
  "model": "x-ai/grok-4",
  "reasoningLog": null,
  "hasReasoningLog": false,
  "temperature": 0.2,
  "reasoningEffort": null,
  "reasoningVerbosity": null,
  "reasoningSummaryType": null,
  "inputTokens": 1641,
  "outputTokens": 9063,
  "reasoningTokens": null,
  "totalTokens": 10704,
  "estimatedCost": 0.14086800000000002,
  "reasoningItems": [
    "Examined example 1: Noticed non-zeros in each column are same color, and in output they are stacked at the bottom with count preserved.",
    "Checked example 2: Same observation; upper non-zeros 'fall' to bottom, stacking on existing or empty spots.",
    "Verified example 3: Confirmed pattern; e.g., col1 has three 3's stacked in bottom three rows.",
    "Observed that in all training and test, non-zeros per column are uniform color, so rule applies directly.",
    "Considered gravity simulation: Non-zeros fall down independently per column, stacking from bottom.",
    "Explored incorrect approach: Whole grid sorting rows - didn't match outputs.",
    "Another wrong idea: Combining all non-zeros into one row - but outputs have them spread over multiple rows based on count.",
    "Finalized rule: Per column, fill bottom c positions with the common color.",
    "Applied to test: Col0:3 fives -> bottom 3:5; Col1:2 twos -> bottom 2:2; Col2:1 six -> bottom1:6; Col3:2 fours -> bottom2:4; Col4:1 three -> bottom1:3.",
    "Constructed grid accordingly."
  ],
  "multiplePredictedOutputs": null,
  "predictedOutput": [
    [
      0,
      0,
      0,
      0,
      0
    ],
    [
      0,
      0,
      0,
      0,
      0
    ],
    [
      5,
      0,
      0,
      0,
      0
    ],
    [
      5,
      2,
      0,
      4,
      0
    ],
    [
      5,
      2,
      6,
      4,
      3
    ]
  ],
  "predictedOutput1": [],
  "predictedOutput2": [],
  "predictedOutput3": [],
  "solvingStrategy": "DSL for ARC puzzle: define function gravity(column) { count = count_nonzeros(column); color = get_color(column); for r=0 to n-1 { if (r >= n - count) output[r] = color else output[r] = 0 } } Apply to each column independently.",
  "patternDescription": "In each column, all non-zero cells have the same color. Count the number of such cells (c), and set the bottom c rows of that column to that color in the output, with the top (n-c) rows set to 0.",
  "hints": [
    "Best: For each column, count non-zeros (c), get common color (k), set output rows (n-c) to (n-1) to k, others 0. This matches all training examples perfectly.",
    "Alternative 1: Sort non-zeros in each column by value and place at bottom. Rejected because colors are identical within columns, but sorting unnecessary and doesn't change result, yet adds complexity without need.",
    "Alternative 2: Move each non-zero down to the lowest empty spot sequentially from top. Rejected because it might not stack correctly for multiple items, but in practice same as best since colors uniform; however, best is simpler."
  ],
  "confidence": 100,
  "apiProcessingTimeMs": 161721,
  "predictedOutputGrid": [
    [
      0,
      0,
      0,
      0,
      0
    ],
    [
      0,
      0,
      0,
      0,
      0
    ],
    [
      5,
      0,
      0,
      0,
      0
    ],
    [
      5,
      2,
      0,
      4,
      0
    ],
    [
      5,
      2,
      6,
      4,
      3
    ]
  ],
  "hasMultiplePredictions": false,
  "isPredictionCorrect": true,
  "predictionAccuracyScore": 1
}