{
  "model": "x-ai/grok-code-fast-1",
  "reasoningLog": null,
  "hasReasoningLog": false,
  "temperature": 0.2,
  "reasoningEffort": null,
  "reasoningVerbosity": null,
  "reasoningSummaryType": null,
  "inputTokens": 1160,
  "outputTokens": 2326,
  "reasoningTokens": null,
  "totalTokens": 3486,
  "estimatedCost": 0.003721,
  "reasoningItems": [
    "Examined Example 1: Non-zeros in columns are moved to bottom, e.g., column 2 has two 4's at bottom.",
    "Examined Example 2: Larger grid, same pattern: column 4 has 8's at bottom in order.",
    "Examined Example 3: Confirms column independence, e.g., column 2 has three 3's at bottom.",
    "Applied to test: Column 1: 5,5,5 at bottom; Column 2: 2,2 at bottom; etc.",
    "No inconsistencies found; pattern holds across all examples."
  ],
  "multiplePredictedOutputs": null,
  "predictedOutput": [
    [
      0,
      0,
      0,
      0,
      0
    ],
    [
      0,
      0,
      0,
      0,
      0
    ],
    [
      5,
      2,
      6,
      4,
      3
    ],
    [
      5,
      2,
      0,
      4,
      0
    ],
    [
      5,
      0,
      0,
      4,
      0
    ]
  ],
  "predictedOutput1": [],
  "predictedOutput2": [],
  "predictedOutput3": [],
  "solvingStrategy": "For each column in the grid, extract non-zero values in top-to-bottom order, place them at the bottom of the column, and fill the top with zeros.",
  "patternDescription": "Each column is processed independently: collect all non-zero elements in the order they appear from top to bottom and stack them at the bottom, padding the top with zeros.",
  "hints": [
    "Best: For each column, iterate from top to bottom collecting non-zeros into a list, then place the list at the bottom of the column and zeros above. This matches all training examples perfectly.",
    "Alternative: Attempted row-wise shifting, but columns are independent, so rejected as it doesn't preserve column integrity.",
    "Alternative: Considered global sorting of non-zeros, but order per column matters, so rejected as it ignores spatial column separation."
  ],
  "confidence": 100,
  "apiProcessingTimeMs": 12745,
  "predictedOutputGrid": [
    [
      0,
      0,
      0,
      0,
      0
    ],
    [
      0,
      0,
      0,
      0,
      0
    ],
    [
      5,
      2,
      6,
      4,
      3
    ],
    [
      5,
      2,
      0,
      4,
      0
    ],
    [
      5,
      0,
      0,
      4,
      0
    ]
  ],
  "hasMultiplePredictions": false,
  "isPredictionCorrect": false,
  "predictionAccuracyScore": 0
}