{
  "model": "nousresearch/hermes-4-70b",
  "reasoningLog": null,
  "hasReasoningLog": false,
  "temperature": 0.2,
  "reasoningEffort": null,
  "reasoningVerbosity": null,
  "reasoningSummaryType": null,
  "inputTokens": 1281,
  "outputTokens": 343,
  "reasoningTokens": null,
  "totalTokens": 1624,
  "estimatedCost": 0.00020972,
  "reasoningItems": [
    "The output array has a fixed length of 5, with the last element always being 0.",
    "The first four elements of the output array correspond to the presence of the number 1 in specific regions of the input grid.",
    "The regions are defined as follows: positions (0,0), (0,8), (8,0), and (8,8).",
    "If a 1 is present in any of these four positions, the corresponding element in the output array is 1; otherwise, it is 0."
  ],
  "multiplePredictedOutputs": null,
  "predictedOutput": [
    [
      1,
      1,
      1,
      1,
      0
    ]
  ],
  "predictedOutput1": [],
  "predictedOutput2": [],
  "predictedOutput3": [],
  "solvingStrategy": "The transformation involves identifying the positions of the number 1 in the input grid and mapping them to a 1D output array. The output array has a length of 5, with the first four elements representing the presence of 1s in specific regions of the input grid, and the last element always being 0.",
  "patternDescription": "The transformation maps the presence of the number 1 in four specific corners of the input grid to a 1D output array of length 5. The last element of the output array is always 0.",
  "hints": [
    "Check the four corners of the input grid for the presence of 1s and map them to the first four elements of the output array.",
    "The output array always ends with a 0.",
    "The transformation is independent of other numbers in the input grid."
  ],
  "confidence": 100,
  "apiProcessingTimeMs": 4296,
  "predictedOutputGrid": [
    [
      1,
      1,
      1,
      1,
      0
    ]
  ],
  "hasMultiplePredictions": false,
  "isPredictionCorrect": false,
  "predictionAccuracyScore": 0
}