{
  "model": "moonshotai/kimi-k2",
  "reasoningLog": null,
  "hasReasoningLog": false,
  "temperature": 0.2,
  "reasoningEffort": null,
  "reasoningVerbosity": null,
  "reasoningSummaryType": null,
  "inputTokens": 1286,
  "outputTokens": 638,
  "reasoningTokens": null,
  "totalTokens": 1924,
  "estimatedCost": 0.0017686600000000002,
  "reasoningItems": "1. Examined output patterns: All outputs are 1x5 grids with values 0 or 1\n2. Analyzed Example 1: Output [1,1,0,0,0] - first two positions are 1\n3. Analyzed Example 2: Output [1,1,1,1,0] - first four positions are 1\n4. Analyzed Example 3: Output [1,1,1,1,0] - first four positions are 1\n5. Counted 1s in each input: Example 1 has 8 ones, Example 2 has 12 ones, Example 3 has 12 ones\n6. Counted 2s in each input: Example 1 has 8 twos, Example 2 has 10 twos, Example 3 has 10 twos\n7. Discovered pattern: The number of 1s in the output equals the count of 1s in the input minus the count of 2s in the input\n8. Verified: Example 1: 8-8=0, but output has 2 ones - this doesn't match\n9. Re-evaluated: Looking at positions, the output length is 5, and the number of 1s appears to be (count of 1s in input) - (count of 2s in input) + 2\n10. Verified new pattern: Example 1: 8-8+2=2 ✓, Example 2: 12-10+2=4 ✓, Example 3: 12-10+2=4 ✓",
  "multiplePredictedOutputs": null,
  "predictedOutput": [
    [
      1,
      1,
      1,
      1,
      1
    ]
  ],
  "predictedOutput1": [],
  "predictedOutput2": [],
  "predictedOutput3": [],
  "solvingStrategy": "Analyze the relationship between 9x9 input grids and 1x5 output grids. Look for patterns in how the input features (1s, 2s, and 0s) determine the output values.",
  "patternDescription": "The output is a 1x5 grid where the number of 1s equals (count of 1s in input) - (count of 2s in input) + 2, with 1s filling from left to right and remaining positions filled with 0s.",
  "hints": "1. Count all 1s in the 9x9 input grid, count all 2s in the 9x9 input grid, calculate ones_to_place = ones_count - twos_count + 2, create 1x5 grid with ones_to_place 1s followed by 0s\n2. Let O = Σ(input[i][j]==1), T = Σ(input[i][j]==2), output = [1,1,1,1,1][0:O-T+2] + [0]*(5-(O-T+2))\n3. 🔢➕➖✅🎯",
  "confidence": 95,
  "apiProcessingTimeMs": 12393,
  "predictedOutputGrid": [
    [
      1,
      1,
      1,
      1,
      1
    ]
  ],
  "hasMultiplePredictions": false,
  "isPredictionCorrect": false,
  "predictionAccuracyScore": 0.050000000000000044
}