{
  "model": "x-ai/grok-code-fast-1",
  "reasoningLog": null,
  "hasReasoningLog": false,
  "temperature": 0.2,
  "reasoningEffort": null,
  "reasoningVerbosity": null,
  "reasoningSummaryType": null,
  "inputTokens": 963,
  "outputTokens": 1360,
  "reasoningTokens": null,
  "totalTokens": 2323,
  "estimatedCost": 0.0022326000000000004,
  "reasoningItems": [
    "Step 1: Examined Example 1 - Input first row uniform (all 4's), output first row 5's; other rows non-uniform, output 0's. Hypothesized uniform rows -> 5's, non-uniform -> 0's.",
    "Step 2: Verified with Example 2 - Only second row uniform (all 6's), output second row 5's, matches hypothesis.",
    "Step 3: Checked Example 3 - Second and third rows uniform, output both 5's, confirms multiple uniform rows get 5's.",
    "Step 4: Validated with Example 4 - Only third row uniform, output third row 5's, pattern consistent.",
    "Step 5: Considered alternative: Maybe based on specific numbers or counts, but uniform check explained all examples perfectly.",
    "Step 6: Applied to test: First and third rows uniform, second not, so output first and third 5's, second 0's."
  ],
  "multiplePredictedOutputs": null,
  "predictedOutput": [
    [
      5,
      5,
      5
    ],
    [
      0,
      0,
      0
    ],
    [
      5,
      5,
      5
    ]
  ],
  "predictedOutput1": [],
  "predictedOutput2": [],
  "predictedOutput3": [],
  "solvingStrategy": "I analyzed each training example by comparing the input grid to the output grid, focusing on row-wise transformations. I looked for patterns in how rows change from input to output, noting that outputs consist only of rows of 5's or 0's. I identified that rows in the input that are uniform (all elements the same) map to rows of 5's in the output, while non-uniform rows map to rows of 0's. This pattern held consistently across all four examples. I then applied this rule to the test input to predict the output.",
  "patternDescription": "For each row in the input grid, if all elements in the row are identical, the corresponding output row is filled with 5's; otherwise, it is filled with 0's. This is a row-wise conditional transformation based on uniformity.",
  "hints": [
    "Best algorithm: For each row i in input: if all elements in row[i] are equal, then output[i] = [5,5,5]; else output[i] = [0,0,0].",
    "Math algorithm: For each row vector v in input matrix, if variance(v) == 0, then output row = [5]*len(v); else [0]*len(v).",
    "Emoji algorithm: For each 🍎 in input rows: if all 🍎 same, then output row = 🌟🌟🌟; else output row = 🌑🌑🌑."
  ],
  "confidence": 100,
  "apiProcessingTimeMs": 7520,
  "predictedOutputGrid": [
    [
      5,
      5,
      5
    ],
    [
      0,
      0,
      0
    ],
    [
      5,
      5,
      5
    ]
  ],
  "hasMultiplePredictions": false,
  "isPredictionCorrect": true,
  "predictionAccuracyScore": 1
}