{
  "model": "mistralai/codestral-2508",
  "reasoningLog": null,
  "hasReasoningLog": false,
  "temperature": 0.2,
  "reasoningEffort": null,
  "reasoningVerbosity": null,
  "reasoningSummaryType": null,
  "inputTokens": 799,
  "outputTokens": 523,
  "reasoningTokens": null,
  "totalTokens": 1322,
  "estimatedCost": 0.0007104,
  "reasoningItems": [
    "Examined each training example to understand the transformation pattern.",
    "Noticed that the output grids have 5s in specific rows and 0s in others.",
    "Realized that the rows with 5s correspond to the rows in the input grid where the most frequent number appears most frequently.",
    "For example, in the first training example, the most frequent number in the first row is 4, which appears three times. The second and third rows have the most frequent number appearing twice, so their corresponding rows in the output are filled with 0s.",
    "Applied this pattern to the test case input to predict the output grid."
  ],
  "predictedOutput": [
    [
      5,
      5,
      5
    ],
    [
      0,
      0,
      0
    ],
    [
      0,
      0,
      0
    ]
  ],
  "multiplePredictedOutputs": null,
  "solvingStrategy": "Analyze the training examples to identify the transformation pattern from input to output. The pattern involves replacing numbers in the input grid with 5s or 0s based on the row and column positions. The key observation is that the output grid has 5s in the rows where the input grid has the most frequent number, and 0s elsewhere.",
  "patternDescription": "The transformation involves replacing numbers in the input grid with 5s or 0s based on the row and column positions. The output grid has 5s in the rows where the input grid has the most frequent number, and 0s elsewhere.",
  "hints": [
    "For each row in the input grid, find the most frequent number. If the most frequent number appears more than once, replace all numbers in that row with 5s in the output grid. Otherwise, replace all numbers in that row with 0s in the output grid.",
    "For each row i in the input grid, count the frequency of each number. Find the number with the highest frequency. If the highest frequency is greater than 1, set all elements in row i of the output grid to 5. Otherwise, set all elements in row i of the output grid to 0.",
    "🔢🔢🔢 → 🔢🔢🔢 (if the most frequent number appears more than once in the row) 🔢🔢🔢 → 🟦🟦🟦 (otherwise)"
  ],
  "confidence": 90,
  "apiProcessingTimeMs": 3162,
  "predictedOutputGrid": [
    [
      5,
      5,
      5
    ],
    [
      0,
      0,
      0
    ],
    [
      0,
      0,
      0
    ]
  ],
  "hasMultiplePredictions": false,
  "isPredictionCorrect": false,
  "predictionAccuracyScore": 0.09999999999999998
}