{
  "model": "moonshotai/kimi-k2",
  "reasoningLog": null,
  "hasReasoningLog": false,
  "temperature": 0.2,
  "reasoningEffort": null,
  "reasoningVerbosity": null,
  "reasoningSummaryType": null,
  "inputTokens": 831,
  "outputTokens": 992,
  "reasoningTokens": null,
  "totalTokens": 1823,
  "estimatedCost": 0.0025864200000000003,
  "reasoningItems": [
    "Initial observation: All non-zero values stay the same in output, only 0 values change",
    "Pattern discovery: Each 0 is replaced with a value that creates a Latin square property - each row and column contains all values 1-4 exactly once",
    "Example 1 analysis: Position [0,1] has 0→2, [1,0] has 0→3, [1,1] has 0→4, [2,3] has 0→3, [3,0] has 0→4",
    "Example 2 analysis: Position [0,0] has 0→1, [1,2] has 0→3, [2,0] has 0→2, [2,3] has 0→1, [3,1] has 0→2",
    "Example 3 analysis: Position [0,1] has 0→4, [1,1] has 0→2, [1,2] has 0→3, [1,3] has 0→4, [2,2] has 0→1, [3,0] has 0→2",
    "Key insight: The replacement values ensure each row and column contains exactly one of each value 1-4",
    "Test case analysis: Need to fill 0 values while maintaining Latin square property",
    "For test case: Row 0 needs 1,2,3,4 - has 1,2,3 so [0,0] needs 4",
    "Row 1 needs 1,2,3,4 - has 3,1 so needs 2,4 - [1,0] and [1,3] need 2,4",
    "Row 2 needs 1,2,3,4 - has 3,4,1 so [2,1] needs 2",
    "Row 3 needs 1,2,3,4 - has 4,2 so needs 1,3 - [3,0] and [3,2] need 1,3",
    "Column constraints: Column 0 needs 1,2,3,4 - has 4,2,3 so [0,0] needs 1 (but we determined 4 - contradiction)",
    "Re-evaluation: The pattern is to complete the Latin square by filling 0s with missing values in each row",
    "Row 0: [0,1,2,3] - missing 4 at position 0",
    "Row 1: [0,3,1,0] - missing 2,4 - positions 0,3 need 2,4",
    "Row 2: [3,0,4,1] - missing 2 at position 1",
    "Row 3: [0,4,0,2] - missing 1,3 - positions 0,2 need 1,3",
    "Final solution: Fill each 0 with the missing value needed to complete 1-4 in that row"
  ],
  "multiplePredictedOutputs": null,
  "predictedOutput": [
    [
      1,
      2,
      3,
      4
    ],
    [
      3,
      4,
      1,
      2
    ],
    [
      4,
      1,
      2,
      3
    ],
    [
      2,
      3,
      4,
      1
    ]
  ],
  "predictedOutput1": [],
  "predictedOutput2": [],
  "predictedOutput3": [],
  "solvingStrategy": "Analyze the transformation from input to output grids by examining how each cell changes. The key insight is that 0 values in the input are being replaced with specific non-zero values in the output, while non-zero values remain the same. The replacement values follow a pattern based on the position and surrounding values.",
  "patternDescription": "The transformation fills all 0 values in the input grid to create a Latin square where each row and column contains exactly one of each value 1-4. Non-zero values remain unchanged, and 0 values are replaced with the missing value needed to complete the set {1,2,3,4} in each row.",
  "hints": [
    "For each row, identify which values from {1,2,3,4} are missing, then fill the 0 positions with these missing values",
    "Mathematically: For each cell (i,j), if input[i][j] = 0, then output[i][j] = (S - R_i) ∩ (S - C_j) where S = {1,2,3,4}, R_i is the set of non-zero values in row i, C_j is the set of non-zero values in column j",
    "🎯🎯🎯: For each 🌟 (0), find which 🔢 (1-4) is missing in that 🏃‍♂️ (row), then place that 🔢 in the 🌟 position",
    "hints"
  ],
  "confidence": 95,
  "apiProcessingTimeMs": 11896,
  "predictedOutputGrid": [
    [
      1,
      2,
      3,
      4
    ],
    [
      3,
      4,
      1,
      2
    ],
    [
      4,
      1,
      2,
      3
    ],
    [
      2,
      3,
      4,
      1
    ]
  ],
  "hasMultiplePredictions": false,
  "isPredictionCorrect": false,
  "predictionAccuracyScore": 0.050000000000000044
}