{
  "model": "moonshotai/kimi-k2",
  "reasoningLog": "I need to analyze the transformation pattern across all training examples to understand how the input grids are transformed into the output grids. Let me examine each example carefully.\", \"reasoningItems\": [\"Example 1: Input is 10x26, output is 10x8. The output appears to be a cropped version of the input, taking the first 8 columns. The values 3 that appear in column 8 of the input are not present in the output, suggesting the crop happens before column 8.\", \"Example 2: Input is 8x27, output is 8x6. Again, this appears to be a crop taking the first 6 columns. The values 3 that appear in column 17 of the input are not in the output.\", \"Example 3: Input is 12x25, output is 12x12. This takes the first 12 columns.\", \"Looking at the pattern: Each output is a cropped version of the input, taking the first N columns where N appears to be related to the position of a special column in the input.\", \"In Example 1: Column 8 contains all 3s (special marker), output width is 8.\", \"In Example 2: Column 17 contains all 3s (special marker), output width is 6. Wait, this doesn't match.\", \"Let me reconsider: Looking at the outputs more carefully, they seem to preserve the original pattern but only for a certain width.\", \"Actually, looking at the outputs, they appear to be the left portion of the input, but the width seems to be determined by the position of a special value.\", \"In Example 1: The value 3 appears at column 8, and output width is 8.\", \"In Example 2: The value 3 appears at column 17, but output width is 6. This contradicts my previous thought.\", \"Let me look differently: The outputs seem to be showing the pattern of non-background values, but only for a certain region.\", \"Wait, let me check the actual values: In Example 1 output, I see 4s appearing in positions that match the input pattern in the first 8 columns.\", \"In Example 2 output, I see 3s appearing in the last 3 columns of the 6-column output, which matches positions 24-26 in the input.\", \"Actually, looking more carefully at Example 2: The output has 3s in positions [5][3], [5][4], [5][5] and [6][3], [6][5] which correspond to positions in the input where 3s appear.\", \"Let me re-examine: The outputs appear to be showing the rightmost portion of the input, not the leftmost.\", \"In Example 1: Input width 26, output width 8. The 8s appear to be the last 8 columns, but this doesn't match the values.\", \"I need to look at this differently. Let me check if the outputs are showing a specific region based on the special values.\", \"Looking at Example 1: The 3s appear at columns 8, 17, 26 (every 9th column starting from 8). Output width is 8.\", \"Looking at Example 2: The 3s appear at columns 7, 16, 25 (every 9th column starting from 7). Output width is 6.\", \"Looking at Example 3: The 4s appear at column 12. Output width is 12.\", \"The pattern seems to be: The output width equals the column index (1-based) where the special marker (3 or 4) appears in the first row.\", \"Example 1: Special marker (3) at column 8 → output width 8.\", \"Example 2: Special marker (2) at column 7 → but output width is 6. This doesn't match.\", \"Let me reconsider the pattern: The outputs seem to preserve the original grid but only up to the column where the special value appears.\", \"Actually, looking at Example 3: The 4 appears at column 12, and output width is 12. This matches.\", \"For Example 1: 3 appears at column 8, output width 8. This matches.\", \"For Example 2: Looking at the first row, 2 appears at column 6, 7, 14, 15, 21, 22... The output width is 6. This suggests the output width equals the column index of the first occurrence of the non-background value in the first row.\"], \"patternDescription\": \"The transformation extracts a left portion of the input grid. The width of the output equals the 1-based column index where the first non-background value appears in the first row. The background value is the most common value in the input (1 in Example 1, 0 in Example 2, 5 in Example 3).\", \"hints\": [\"Algorithm 1: Find first non-background value in row 0, use its column index as output width, then take first N columns of input.\", \"Algorithm 2: width = min",
  "hasReasoningLog": true,
  "temperature": 0.2,
  "reasoningEffort": null,
  "reasoningVerbosity": null,
  "reasoningSummaryType": null,
  "inputTokens": 3153,
  "outputTokens": 1614,
  "reasoningTokens": null,
  "totalTokens": 4767,
  "estimatedCost": 0.00446028,
  "reasoningItems": [
    "Example 1: Input is 10x26, output is 10x8. The output appears to be a cropped version of the input, taking the first 8 columns. The values 3 that appear in column 8 of the input are not present in the output, suggesting the crop happens before column 8.",
    "Example 2: Input is 8x27, output is 8x6. Again, this appears to be a crop taking the first 6 columns. The values 3 that appear in column 17 of the input are not in the output.",
    "Example 3: Input is 12x25, output is 12x12. This takes the first 12 columns.",
    "Looking at the pattern: Each output is a cropped version of the input, taking the first N columns where N appears to be related to the position of a special column in the input.",
    "In Example 1: Column 8 contains all 3s (special marker), output width is 8.",
    "In Example 2: Column 17 contains all 3s (special marker), output width is 6. Wait, this doesn't match.",
    "Let me reconsider: Looking at the outputs more carefully, they seem to preserve the original pattern but only for a certain width.",
    "Actually, looking at the outputs, they appear to be the left portion of the input, but the width seems to be determined by the position of a special value.",
    "In Example 1: The value 3 appears at column 8, and output width is 8.",
    "In Example 2: The value 3 appears at column 17, but output width is 6. This contradicts my previous thought.",
    "Let me look differently: The outputs seem to be showing the pattern of non-background values, but only for a certain region.",
    "Wait, let me check the actual values: In Example 1 output, I see 4s appearing in positions that match the input pattern in the first 8 columns.",
    "In Example 2 output, I see 3s appearing in the last 3 columns of the 6-column output, which matches positions 24-26 in the input.",
    "Actually, looking more carefully at Example 2: The output has 3s in positions [5][3], [5][4], [5][5] and [6][3], [6][5] which correspond to positions in the input where 3s appear.",
    "Let me re-examine: The outputs appear to be showing the rightmost portion of the input, not the leftmost.",
    "In Example 1: Input width 26, output width 8. The 8s appear to be the last 8 columns, but this doesn't match the values.",
    "I need to look at this differently. Let me check if the outputs are showing a specific region based on the special values.",
    "Looking at Example 1: The 3s appear at columns 8, 17, 26 (every 9th column starting from 8). Output width is 8.",
    "Looking at Example 2: The 3s appear at columns 7, 16, 25 (every 9th column starting from 7). Output width is 6.",
    "Looking at Example 3: The 4s appear at column 12. Output width is 12.",
    "The pattern seems to be: The output width equals the column index (1-based) where the special marker (3 or 4) appears in the first row.",
    "Example 1: Special marker (3) at column 8 → output width 8.",
    "Example 2: Special marker (2) at column 7 → but output width is 6. This doesn't match.",
    "Let me reconsider the pattern: The outputs seem to preserve the original grid but only up to the column where the special value appears.",
    "Actually, looking at Example 3: The 4 appears at column 12, and output width is 12. This matches.",
    "For Example 1: 3 appears at column 8, output width 8. This matches.",
    "For Example 2: Looking at the first row, 2 appears at column 6, 7, 14, 15, 21, 22... The output width is 6. This suggests the output width equals the column index of the first occurrence of the non-background value in the first row."
  ],
  "multiplePredictedOutputs": null,
  "predictedOutput": [
    [
      6,
      6,
      6,
      6,
      6,
      6,
      6,
      6,
      6,
      6,
      6,
      6,
      6,
      6,
      6
    ],
    [
      6,
      6,
      6,
      6,
      6,
      6,
      6,
      8,
      6,
      6,
      6,
      6,
      8,
      6,
      6
    ],
    [
      6,
      6,
      6,
      6,
      6,
      6,
      6,
      6,
      6,
      6,
      6,
      6,
      6,
      6,
      6
    ],
    [
      6,
      6,
      6,
      8,
      6,
      6,
      6,
      6,
      6,
      8,
      6,
      6,
      8,
      6,
      6
    ],
    [
      6,
      6,
      6,
      6,
      6,
      6,
      6,
      6,
      6,
      6,
      6,
      6,
      6,
      6,
      6
    ],
    [
      6,
      6,
      6,
      6,
      6,
      6,
      6,
      8,
      6,
      6,
      6,
      6,
      6,
      6,
      6
    ],
    [
      6,
      6,
      6,
      6,
      8,
      6,
      8,
      8,
      8,
      6,
      8,
      6,
      6,
      6,
      6
    ],
    [
      6,
      6,
      6,
      6,
      6,
      6,
      8,
      6,
      8,
      6,
      6,
      6,
      6,
      6,
      6
    ],
    [
      6,
      8,
      6,
      8,
      6,
      6,
      6,
      6,
      6,
      6,
      6,
      6,
      6,
      6,
      6
    ],
    [
      6,
      6,
      6,
      6,
      6,
      6,
      6,
      6,
      6,
      6,
      6,
      6,
      6,
      6,
      6
    ],
    [
      6,
      6,
      6,
      6,
      6,
      6,
      6,
      6,
      6,
      6,
      6,
      6,
      6,
      6,
      6
    ],
    [
      6,
      6,
      6,
      6,
      6,
      6,
      6,
      6,
      6,
      6,
      6,
      6,
      6,
      6,
      6
    ],
    [
      6,
      6,
      6,
      6,
      6,
      6,
      6,
      6,
      6,
      6,
      6,
      6,
      6,
      6,
      6
    ],
    [
      6,
      6,
      6,
      6,
      6,
      6,
      6,
      6,
      6,
      6,
      6,
      6,
      6,
      6,
      6
    ],
    [
      6,
      6,
      6,
      6,
      6,
      6,
      6,
      6,
      6,
      6,
      6,
      6,
      6,
      6,
      6
    ]
  ],
  "predictedOutput1": [],
  "predictedOutput2": [],
  "predictedOutput3": [],
  "solvingStrategy": "I need to analyze the transformation pattern across all training examples to understand how the input grids are transformed into the output grids. Let me examine each example carefully.",
  "patternDescription": "The transformation extracts a left portion of the input grid. The width of the output equals the 1-based column index where the first non-background value appears in the first row. The background value is the most common value in the input (1 in Example 1, 0 in Example 2, 5 in Example 3).",
  "hints": [
    "Algorithm 1: Find first non-background value in row 0, use its column index as output width, then take first N columns of input.",
    "Algorithm 2: width = min{j | grid[0][j] ≠ mode(grid)} where mode is most frequent value.",
    "Algorithm 3: 🔍➡️🔢🎯📏✂️⬅️"
  ],
  "confidence": 85,
  "apiProcessingTimeMs": 113008,
  "predictedOutputGrid": [
    [
      6,
      6,
      6,
      6,
      6,
      6,
      6,
      6,
      6,
      6,
      6,
      6,
      6,
      6,
      6
    ],
    [
      6,
      6,
      6,
      6,
      6,
      6,
      6,
      8,
      6,
      6,
      6,
      6,
      8,
      6,
      6
    ],
    [
      6,
      6,
      6,
      6,
      6,
      6,
      6,
      6,
      6,
      6,
      6,
      6,
      6,
      6,
      6
    ],
    [
      6,
      6,
      6,
      8,
      6,
      6,
      6,
      6,
      6,
      8,
      6,
      6,
      8,
      6,
      6
    ],
    [
      6,
      6,
      6,
      6,
      6,
      6,
      6,
      6,
      6,
      6,
      6,
      6,
      6,
      6,
      6
    ],
    [
      6,
      6,
      6,
      6,
      6,
      6,
      6,
      8,
      6,
      6,
      6,
      6,
      6,
      6,
      6
    ],
    [
      6,
      6,
      6,
      6,
      8,
      6,
      8,
      8,
      8,
      6,
      8,
      6,
      6,
      6,
      6
    ],
    [
      6,
      6,
      6,
      6,
      6,
      6,
      8,
      6,
      8,
      6,
      6,
      6,
      6,
      6,
      6
    ],
    [
      6,
      8,
      6,
      8,
      6,
      6,
      6,
      6,
      6,
      6,
      6,
      6,
      6,
      6,
      6
    ],
    [
      6,
      6,
      6,
      6,
      6,
      6,
      6,
      6,
      6,
      6,
      6,
      6,
      6,
      6,
      6
    ],
    [
      6,
      6,
      6,
      6,
      6,
      6,
      6,
      6,
      6,
      6,
      6,
      6,
      6,
      6,
      6
    ],
    [
      6,
      6,
      6,
      6,
      6,
      6,
      6,
      6,
      6,
      6,
      6,
      6,
      6,
      6,
      6
    ],
    [
      6,
      6,
      6,
      6,
      6,
      6,
      6,
      6,
      6,
      6,
      6,
      6,
      6,
      6,
      6
    ],
    [
      6,
      6,
      6,
      6,
      6,
      6,
      6,
      6,
      6,
      6,
      6,
      6,
      6,
      6,
      6
    ],
    [
      6,
      6,
      6,
      6,
      6,
      6,
      6,
      6,
      6,
      6,
      6,
      6,
      6,
      6,
      6
    ]
  ],
  "hasMultiplePredictions": false,
  "isPredictionCorrect": false,
  "predictionAccuracyScore": 0.15000000000000002
}