{
  "model": "cohere/command-r-plus",
  "reasoningLog": null,
  "hasReasoningLog": false,
  "temperature": 0.2,
  "reasoningEffort": null,
  "reasoningVerbosity": null,
  "reasoningSummaryType": null,
  "inputTokens": 3152,
  "outputTokens": 1093,
  "reasoningTokens": null,
  "totalTokens": 4245,
  "estimatedCost": 0.0032154999999999996,
  "reasoningItems": [],
  "patternDescription": "[PARSE ERROR] The OpenRouter cohere/command-r-plus model provided a response that could not be parsed as JSON. This may indicate the model generated invalid formatting or the response was truncated.",
  "solvingStrategy": "Response parsing failed with error: JSON appears to be truncated. Raw response preview: \"{\n  \"multiplePredictedOutputs\": false,\n  \"predictedOutput\": [\n    [6, 6, 6, 6, 6, 6, 6, 6, 6, 6, 6, 6, 6, 6],\n    [6, 6, 6, 6, 6, 6, 6, 8, 6, 6, 6, 6, 8, 6],\n    [6, 6, 6, 6, 6, 6, 6, 6, 6, 6, 6, 6, 6...\"",
  "hints": [
    "The model response could not be parsed as valid JSON",
    "This may indicate formatting issues or response truncation",
    "Try adjusting temperature or max_output_tokens settings"
  ],
  "confidence": 0,
  "parseError": true,
  "recoveryMethod": "validation_compliant_fallback",
  "originalError": "JSON appears to be truncated",
  "responsePreview": "{\n  \"multiplePredictedOutputs\": false,\n  \"predictedOutput\": [\n    [6, 6, 6, 6, 6, 6, 6, 6, 6, 6, 6, 6, 6, 6],\n    [6, 6, 6, 6, 6, 6, 6, 8, 6, 6, 6, 6, 8, 6],\n    [6, 6, 6, 6, 6, 6, 6, 6, 6, 6, 6, 6, 6, 6],\n    [6, 6, 6, 8, 6, 6, 6, 6, 6, 8, 6, 6, 8, 6],\n    [6, 6, 6, 6, 6, 6, 6, 6, 6, 6, 6, 6, 6, 6],\n    [6, 6, 6, 6, 6, 6, 6, 8, 6, 6, 6, 6, 6, 6],\n    [6, 6, 6, 6, 8, 6, 8, 8, 8, 6, 8, 6, 6, 6],\n    [6, 6, 6, 6, 6, 6, 8, 6, 8, 6, 6, 6, 6, 6],\n    [6, 6, 6, 6, 6, 6, 6, 6, 6, 6, 6, 6, 6, 6],\n    [6, 6, 6, 6, 6, 6, 6, 6, 6, 6, 6, 6, 6, 6],\n    [6, 6, 6, 6, 6, 6, 6, 6, 6, 6, 6, 6, 6, 6],\n    [6, 6, 6, 6, 6, 6, 6, 6, 6, 6, 6, 6, 6, 6],\n    [6, 6, 6, 6, 6, 6, 6, 6, 6, 6, 6, 6, 6, 6],\n    [6, 6, 6, 6, 6, 6, 6, 6, 6, 6, 6, 6, 6, 6],\n    [6, 6, 6, 6, 6, 6, 6, 6, 6, 6, 6, 6, 6, 6]\n  ],\n  \"solvingStrategy\": \"I identified that the transformation involves removing rows and columns that contain specific values. First, I determined the unique values present in each input grid. Then, I noticed that the",
  "apiProcessingTimeMs": 47442,
  "predictedOutputGrid": null,
  "multiplePredictedOutputs": null,
  "hasMultiplePredictions": false,
  "isPredictionCorrect": false,
  "predictionAccuracyScore": 1
}