{
  "model": "cohere/command-r-plus",
  "reasoningLog": null,
  "hasReasoningLog": false,
  "temperature": 0.2,
  "reasoningEffort": null,
  "reasoningVerbosity": null,
  "reasoningSummaryType": null,
  "inputTokens": 6587,
  "outputTokens": 78,
  "reasoningTokens": null,
  "totalTokens": 6665,
  "estimatedCost": 0.0034105,
  "reasoningItems": [],
  "patternDescription": "[PARSE ERROR] The OpenRouter cohere/command-r-plus model provided a response that could not be parsed as JSON. This may indicate the model generated invalid formatting or the response was truncated.",
  "solvingStrategy": "Response parsing failed with error: Unexpected end of JSON input. Raw response preview: \"{\n  \"multiplePredictedOutputs\": false,\n  \"predictedOutput\": [\n    [4, 4, 4, 4, 4, 4, 4, 4, 4, 4, 4, 4, 4, 4, 4, 4, 4, 4, 4, 4,...\"",
  "hints": [
    "The model response could not be parsed as valid JSON",
    "This may indicate formatting issues or response truncation",
    "Try adjusting temperature or max_output_tokens settings"
  ],
  "confidence": 0,
  "parseError": true,
  "recoveryMethod": "validation_compliant_fallback",
  "originalError": "Unexpected end of JSON input",
  "responsePreview": "{\n  \"multiplePredictedOutputs\": false,\n  \"predictedOutput\": [\n    [4, 4, 4, 4, 4, 4, 4, 4, 4, 4, 4, 4, 4, 4, 4, 4, 4, 4, 4, 4,",
  "apiProcessingTimeMs": 7224,
  "predictedOutputGrid": null,
  "multiplePredictedOutputs": null,
  "hasMultiplePredictions": false,
  "isPredictionCorrect": false,
  "predictionAccuracyScore": 1
}