{
  "model": "nousresearch/hermes-4-70b",
  "reasoningLog": null,
  "hasReasoningLog": false,
  "temperature": 0.2,
  "reasoningEffort": null,
  "reasoningVerbosity": null,
  "reasoningSummaryType": null,
  "inputTokens": 1028,
  "outputTokens": 508,
  "reasoningTokens": null,
  "totalTokens": 1536,
  "estimatedCost": 0.00024976,
  "reasoningItems": [
    "The transformation appears to replace 7s with 3s in positions that are adjacent to 8s or in the same row/column as 8s.",
    "In the bottom row, only 7s directly adjacent to 8s are replaced, while in other rows, 7s in the same row/column as 8s are replaced.",
    "The pattern is consistent across both training examples and the test case input."
  ],
  "predictedOutput": [
    [
      7,
      7,
      8,
      7,
      7,
      7,
      7,
      7
    ],
    [
      7,
      3,
      3,
      3,
      7,
      7,
      3,
      3
    ],
    [
      7,
      3,
      7,
      7,
      3,
      7,
      8,
      7
    ],
    [
      7,
      3,
      7,
      3,
      7,
      7,
      7,
      8
    ],
    [
      3,
      3,
      3,
      3,
      3,
      3,
      3,
      7
    ],
    [
      7,
      7,
      8,
      7,
      7,
      7,
      7,
      7
    ],
    [
      3,
      3,
      7,
      7,
      7,
      3,
      7,
      7
    ],
    [
      7,
      3,
      7,
      7,
      3,
      7,
      7,
      7
    ]
  ],
  "predictedOutput1": [],
  "predictedOutput2": [],
  "predictedOutput3": [],
  "multiplePredictedOutputs": null,
  "solvingStrategy": "Identify the pattern of replacing 7s with 3s in specific positions based on the presence of 8s in the input grid.",
  "patternDescription": "The transformation replaces 7s with 3s in positions that are adjacent to 8s or in the same row/column as 8s, with certain exceptions for the bottom row.",
  "hints": [
    "Algorithm 1: Replace 7s with 3s if they are adjacent to an 8 or in the same row/column as an 8, except for the bottom row where only adjacent 7s are replaced.",
    "Algorithm 2: Replace 7s with 3s if they are in the same row or column as an 8, regardless of adjacency.",
    "Algorithm 3: Replace 7s with 3s if they are adjacent to an 8, ignoring row/column relationships."
  ],
  "confidence": 95,
  "apiProcessingTimeMs": 6212,
  "predictedOutputGrid": [
    [
      7,
      7,
      8,
      7,
      7,
      7,
      7,
      7
    ],
    [
      7,
      3,
      3,
      3,
      7,
      7,
      3,
      3
    ],
    [
      7,
      3,
      7,
      7,
      3,
      7,
      8,
      7
    ],
    [
      7,
      3,
      7,
      3,
      7,
      7,
      7,
      8
    ],
    [
      3,
      3,
      3,
      3,
      3,
      3,
      3,
      7
    ],
    [
      7,
      7,
      8,
      7,
      7,
      7,
      7,
      7
    ],
    [
      3,
      3,
      7,
      7,
      7,
      3,
      7,
      7
    ],
    [
      7,
      3,
      7,
      7,
      3,
      7,
      7,
      7
    ]
  ],
  "hasMultiplePredictions": false,
  "isPredictionCorrect": false,
  "predictionAccuracyScore": 0.050000000000000044
}