{
  "model": "x-ai/grok-4",
  "reasoningLog": null,
  "hasReasoningLog": false,
  "temperature": 0.2,
  "reasoningEffort": null,
  "reasoningVerbosity": null,
  "reasoningSummaryType": null,
  "inputTokens": 770,
  "outputTokens": 2497,
  "reasoningTokens": null,
  "totalTokens": 3267,
  "estimatedCost": 0.039765,
  "reasoningItems": [
    "Initially considered rotation: 90-degree clockwise on example 1 didn't match output.",
    "Tried transpose on example 1: matched perfectly.",
    "Verified transpose on example 2: matched.",
    "Checked example 3: transpose matched.",
    "Example 4: transpose matched.",
    "Ruled out other transformations like reflection or sorting since transpose fits all.",
    "Applied transpose to test input."
  ],
  "multiplePredictedOutputs": null,
  "predictedOutput": [
    [
      9,
      9,
      9
    ],
    [
      3,
      4,
      3
    ],
    [
      4,
      4,
      4
    ]
  ],
  "predictedOutput1": [],
  "predictedOutput2": [],
  "predictedOutput3": [],
  "solvingStrategy": "Examine each training example to identify the input-to-output transformation. Compare grids to detect patterns like rotations, reflections, or transpositions. Test hypotheses on all examples. Apply the consistent rule to the test input.",
  "patternDescription": "The output is the transpose of the input grid, where rows become columns and columns become rows.",
  "hints": [
    "For each position (i,j) in output, set output[i][j] = input[j][i]",
    "Mathematically: output = input^T (matrix transpose)",
    "🔄📏➡️📐 (rotate layout to swap axes)"
  ],
  "confidence": 100,
  "apiProcessingTimeMs": 43749,
  "predictedOutputGrid": [
    [
      9,
      9,
      9
    ],
    [
      3,
      4,
      3
    ],
    [
      4,
      4,
      4
    ]
  ],
  "hasMultiplePredictions": false,
  "isPredictionCorrect": true,
  "predictionAccuracyScore": 1
}