{
  "model": "x-ai/grok-code-fast-1",
  "reasoningLog": null,
  "hasReasoningLog": false,
  "temperature": 0.2,
  "reasoningEffort": null,
  "reasoningVerbosity": null,
  "reasoningSummaryType": null,
  "inputTokens": 963,
  "outputTokens": 1740,
  "reasoningTokens": null,
  "totalTokens": 2703,
  "estimatedCost": 0.0028025999999999997,
  "reasoningItems": [
    "Step 1: Analyzed Example 1 - Input is a 3x3 grid with values 2,2,1 in row1, etc. Output has 2,1,5 in row1. Considered if it's a rotation: 90 CW didn't match, 90 CCW didn't, 180 didn't. Incorrect approach: Thought it might be reflecting over horizontal axis, but output didn't match.",
    "Step 2: Checked Example 2 - Input 2,2,5 etc., output 2,6,5 etc. Tried vertical reflection, no match. Considered if it's sorting values, but positions didn't align. Incorrect: Assumed it was a color mapping, but no consistent mapping across examples.",
    "Step 3: Examined Example 3 - Input 9,9,5 etc., output 9,5,5 etc. Noticed that the first column of input became the first row of output. This hinted at transposition. Verified with Example 4, which also matched transpose.",
    "Step 4: Confirmed pattern across all examples - Transpose swaps rows and columns perfectly for all four.",
    "Step 5: Applied to test input - Transposed [[9,3,4],[9,4,4],[9,3,4]] to get [[9,9,9],[3,4,3],[4,4,4]]."
  ],
  "multiplePredictedOutputs": null,
  "predictedOutput": [
    [
      9,
      9,
      9
    ],
    [
      3,
      4,
      3
    ],
    [
      4,
      4,
      4
    ]
  ],
  "predictedOutput1": [],
  "predictedOutput2": [],
  "predictedOutput3": [],
  "solvingStrategy": "I started by examining the training examples to identify common transformations. I checked for geometric changes like rotations, reflections, and scaling, but they didn't match consistently. I then considered pattern-based changes, such as color replacements or logical operations, but the outputs seemed to preserve the input values in a rearranged form. Next, I looked at spatial transformations and tried transposing the input grids, which perfectly matched all four training examples. I applied this pattern to the test input to generate the predicted output.",
  "patternDescription": "The transformation is a matrix transpose: swap the rows and columns of the 3x3 grid. For each position (i,j) in the input, the value moves to (j,i) in the output.",
  "hints": [
    "Best: def transpose(grid): return [[grid[j][i] for j in range(len(grid))] for i in range(len(grid[0]))]",
    "Math: For a matrix A, output B where B[i][j] = A[j][i] for all i,j.",
    "Emojis: 🔄 Swap rows to columns: Row1 becomes Col1, etc. 📊"
  ],
  "confidence": 100,
  "apiProcessingTimeMs": 11231,
  "predictedOutputGrid": [
    [
      9,
      9,
      9
    ],
    [
      3,
      4,
      3
    ],
    [
      4,
      4,
      4
    ]
  ],
  "hasMultiplePredictions": false,
  "isPredictionCorrect": true,
  "predictionAccuracyScore": 1
}