{
  "model": "cohere/command-r-plus",
  "reasoningLog": null,
  "hasReasoningLog": false,
  "temperature": 0.2,
  "reasoningEffort": null,
  "reasoningVerbosity": null,
  "reasoningSummaryType": null,
  "inputTokens": 778,
  "outputTokens": 422,
  "reasoningTokens": null,
  "totalTokens": 1200,
  "estimatedCost": 0.001022,
  "reasoningItems": [],
  "patternDescription": "[PARSE ERROR] The OpenRouter cohere/command-r-plus model provided a response that could not be parsed as JSON. This may indicate the model generated invalid formatting or the response was truncated.",
  "solvingStrategy": "Response parsing failed with error: JSON appears to be truncated. Raw response preview: \"{\n  \"multiplePredictedOutputs\": false,\n  \"predictedOutput\": [\n    [9, 9, 4],\n    [9, 4, 9],\n    [9, 9, 4]\n  ],\n  \"predictedOutput1\": [],\n  \"predictedOutput2\": [],\n  \"predictedOutput3\": [],\n  \"solvingS...\"",
  "hints": [
    "The model response could not be parsed as valid JSON",
    "This may indicate formatting issues or response truncation",
    "Try adjusting temperature or max_output_tokens settings"
  ],
  "confidence": 0,
  "parseError": true,
  "recoveryMethod": "validation_compliant_fallback",
  "originalError": "JSON appears to be truncated",
  "responsePreview": "{\n  \"multiplePredictedOutputs\": false,\n  \"predictedOutput\": [\n    [9, 9, 4],\n    [9, 4, 9],\n    [9, 9, 4]\n  ],\n  \"predictedOutput1\": [],\n  \"predictedOutput2\": [],\n  \"predictedOutput3\": [],\n  \"solvingStrategy\": \"I identified that for each training example, the output grid is derived from the input grid by reflecting the numbers across the main diagonal. In other words, the number in the top-left corner swaps with the bottom-right corner, the top-middle number swaps with the middle-right, and so on. This transformation is consistently applied in all training examples. Therefore, I applied the same diagonal reflection transformation to the test case input to obtain the predicted output.\",\n  \"reasoningItems\": [\n    \"Initially, I considered the possibility of rotation transformations since the numbers seem to be moving around. However, upon further inspection, I realized it's not a simple rotation but a reflection across the diagonal.\",\n    \"I also thought about whether there could be a pat",
  "apiProcessingTimeMs": 14829,
  "predictedOutputGrid": null,
  "multiplePredictedOutputs": null,
  "hasMultiplePredictions": false,
  "isPredictionCorrect": false,
  "predictionAccuracyScore": 1
}