{
  "model": "nousresearch/hermes-4-70b",
  "reasoningLog": null,
  "hasReasoningLog": false,
  "temperature": 0.2,
  "reasoningEffort": null,
  "reasoningVerbosity": null,
  "reasoningSummaryType": null,
  "inputTokens": 775,
  "outputTokens": 379,
  "reasoningTokens": null,
  "totalTokens": 1154,
  "estimatedCost": 0.0001869,
  "reasoningItems": [
    "The first row of the output is always the first element of the input repeated three times.",
    "The remaining rows of the output are each formed by taking the first element of the corresponding input row and repeating it three times.",
    "This pattern holds true for all training examples, allowing for a consistent transformation rule to be applied to the test case."
  ],
  "multiplePredictedOutputs": null,
  "predictedOutput": [
    [
      9,
      9,
      9
    ],
    [
      3,
      4,
      3
    ],
    [
      4,
      4,
      4
    ]
  ],
  "predictedOutput1": [],
  "predictedOutput2": [],
  "predictedOutput3": [],
  "solvingStrategy": "The transformation involves two main operations: 1) The first row is transformed by taking the first element of the input and repeating it across all columns. 2) The remaining rows are transformed by taking the first element of the input row and repeating it across all columns. This pattern was identified by analyzing the consistent transformation of the first row and the remaining rows across all training examples.",
  "patternDescription": "The output grid is generated by taking the first element of the input grid and repeating it across all columns in the first row. For the remaining rows, the first element of each input row is taken and repeated across all columns in the corresponding output row.",
  "hints": [
    "Algorithm 1: For each row in the input, create a new row in the output where the first element is repeated for all columns.",
    "Algorithm 2: Mathematically, for an input grid A, the output grid B is defined as B[i][j] = A[i][0] for all i, j.",
    "Algorithm 3: 🔄🔢🔢🔢 → 🔄🔢🔢🔢 for each row"
  ],
  "confidence": 100,
  "apiProcessingTimeMs": 5884,
  "predictedOutputGrid": [
    [
      9,
      9,
      9
    ],
    [
      3,
      4,
      3
    ],
    [
      4,
      4,
      4
    ]
  ],
  "hasMultiplePredictions": false,
  "isPredictionCorrect": true,
  "predictionAccuracyScore": 1
}