{
  "success": true,
  "result": {
    "multiplePredictedOutputs": false,
    "predictedOutput": [
      [
        5,
        7,
        7,
        7,
        7,
        7,
        7,
        7
      ],
      [
        7,
        7,
        7,
        7,
        7,
        7,
        7,
        7
      ],
      [
        7,
        7,
        7,
        7,
        7,
        7,
        7,
        7
      ],
      [
        7,
        7,
        7,
        7,
        7,
        7,
        7,
        7
      ],
      [
        7,
        7,
        7,
        7,
        7,
        7,
        7,
        7
      ],
      [
        7,
        7,
        7,
        7,
        7,
        7,
        7,
        7
      ],
      [
        7,
        7,
        7,
        7,
        7,
        7,
        7,
        7
      ],
      [
        7,
        7,
        7,
        7,
        7,
        7,
        7,
        7
      ]
    ],
    "predictedOutput1": [],
    "predictedOutput2": [],
    "predictedOutput3": [],
    "solvingStrategy": "The transformation extracts the minimal bounding box that contains all non-zero colored pixels from the input grid, then crops that region into a new smaller grid. The color 5 (yellow) appears to mark the top-left corner of the bounding box in the output.",
    "keySteps": [
      "Step 1: Identify all non-zero colored pixels in the input grid",
      "Step 2: Find the minimal bounding rectangle that contains all these pixels",
      "Step 3: Extract this bounding box as a new grid",
      "Step 4: The color 5 (yellow) appears at position [0,0] of the output grid, suggesting it marks the origin of the cropped region",
      "Step 5: Apply this same cropping logic to the test case"
    ],
    "patternDescription": "The transformation crops the input grid to the smallest rectangle that contains all non-zero values, creating a new output grid. The color 5 (yellow) is placed at the top-left corner [0,0] of the cropped region.",
    "hints": [
      "1. Find all non-zero pixels, get their min/max row/col, crop to that rectangle",
      "2. Let S = {(r,c) | grid[r][c] ≠ 0}, output = grid[min_row:max_row+1][min_col:max_col+1] with 5 at [0,0]",
      "3. 🔍🔍🔍 → 📦 → ✂️ → 🎯"
    ],
    "confidence": 95
  },
  "tokenUsage": {
    "input": 4111,
    "output": 471
  },
  "cost": {
    "input": 0.00057554,
    "output": 0.0011727900000000002,
    "total": 0.0017483300000000002
  },
  "processingTimeMs": 12832,
  "modelName": "moonshotai/kimi-k2",
  "reasoning": null,
  "reasoningLog": null,
  "apiProcessingTimeMs": 12833
}