{
  "model": "nousresearch/hermes-4-70b",
  "hasReasoningLog": false,
  "temperature": 0.2,
  "reasoningEffort": null,
  "reasoningVerbosity": null,
  "reasoningSummaryType": null,
  "inputTokens": 817,
  "outputTokens": 387,
  "reasoningTokens": null,
  "totalTokens": 1204,
  "estimatedCost": 0.00019264,
  "reasoningItems": [
    "Analyzed the training examples and observed that the output consistently consists of the original input grid followed by a vertically mirrored copy of the input.",
    "Verified that the mirrored portion is created by reversing the order of the rows from the input grid.",
    "Applied the identified vertical mirroring and appending pattern to the test case input, resulting in the predicted output.",
    "Confirmed that the transformation is consistent and straightforward across all provided examples."
  ],
  "predictedOutput": [
    [
      0,
      0,
      0
    ],
    [
      0,
      0,
      1
    ],
    [
      1,
      0,
      0
    ],
    [
      1,
      0,
      0
    ],
    [
      0,
      0,
      1
    ],
    [
      0,
      0,
      0
    ]
  ],
  "predictedOutput1": [],
  "predictedOutput2": [],
  "predictedOutput3": [],
  "multiplePredictedOutputs": null,
  "solvingStrategy": "The transformation involves vertically mirroring the input grid and appending the mirrored version below the original input. The input grid is duplicated in reverse order to form the output.",
  "patternDescription": "The output is formed by appending a vertically mirrored copy of the input grid below the original input. Each row of the input is duplicated in reverse order to create the mirrored portion.",
  "hints": [
    "Algorithm 1: Duplicate the input grid and reverse the order of the rows to create the mirrored portion. Append this mirrored portion below the original input. This approach correctly replicates the pattern observed in the training examples.",
    "Algorithm 2: Attempt to identify a different transformation rule, such as horizontal mirroring or rotation. This approach was rejected as it did not match the consistent vertical mirroring pattern seen across all training examples.",
    "Algorithm 3: Consider a more complex transformation involving both mirroring and additional operations. This was rejected as it introduced unnecessary complexity and did not align with the straightforward vertical mirroring pattern."
  ],
  "confidence": 100,
  "apiProcessingTimeMs": 5689,
  "predictedOutputGrid": [
    [
      0,
      0,
      0
    ],
    [
      0,
      0,
      1
    ],
    [
      1,
      0,
      0
    ],
    [
      1,
      0,
      0
    ],
    [
      0,
      0,
      1
    ],
    [
      0,
      0,
      0
    ]
  ],
  "hasMultiplePredictions": false,
  "isPredictionCorrect": true,
  "predictionAccuracyScore": 1
}