{
  "model": "x-ai/grok-code-fast-1",
  "hasReasoningLog": false,
  "temperature": 0.2,
  "reasoningEffort": null,
  "reasoningVerbosity": null,
  "reasoningSummaryType": null,
  "inputTokens": 1005,
  "outputTokens": 1263,
  "reasoningTokens": null,
  "totalTokens": 2268,
  "estimatedCost": 0.0020955,
  "reasoningItems": [
    "Examined Example 1: Input has rows [1,1,0], [1,1,1], [0,0,0]. Output is input followed by reversed input [0,0,0], [1,1,1], [1,1,0].",
    "Examined Example 2: Input [0,0,0], [1,0,1], [1,1,0]. Output matches input + reversed [1,1,0], [1,0,1], [0,0,0].",
    "Examined Example 3: Input [0,0,0], [0,0,1], [0,0,1]. Output is input + reversed [0,0,1], [0,0,1], [0,0,0].",
    "Identified consistent pattern: output = input + reverse(input rows).",
    "Applied to test input [0,0,0], [0,0,1], [1,0,0]: reverse is [1,0,0], [0,0,1], [0,0,0], so output is concatenation.",
    "No inconsistencies found; pattern holds for all examples."
  ],
  "multiplePredictedOutputs": null,
  "predictedOutput": [
    [
      0,
      0,
      0
    ],
    [
      0,
      0,
      1
    ],
    [
      1,
      0,
      0
    ],
    [
      1,
      0,
      0
    ],
    [
      0,
      0,
      1
    ],
    [
      0,
      0,
      0
    ]
  ],
  "predictedOutput1": [],
  "predictedOutput2": [],
  "predictedOutput3": [],
  "solvingStrategy": "Define a function 'transform' that takes a grid as input, reverses the order of its rows, and concatenates the original grid with the reversed grid.",
  "patternDescription": "The output grid is formed by taking the input grid and appending a copy of it with the rows in reverse order.",
  "hints": [
    "Concatenate the input grid with its row-reversed version. Accepted because it perfectly matches all training examples.",
    "Simply repeat the input grid twice. Rejected because the outputs include a reversed section, not just repetition.",
    "Reverse the columns instead of rows. Rejected because the pattern is consistently about row order, not column mirroring."
  ],
  "confidence": 100,
  "apiProcessingTimeMs": 32106,
  "predictedOutputGrid": [
    [
      0,
      0,
      0
    ],
    [
      0,
      0,
      1
    ],
    [
      1,
      0,
      0
    ],
    [
      1,
      0,
      0
    ],
    [
      0,
      0,
      1
    ],
    [
      0,
      0,
      0
    ]
  ],
  "hasMultiplePredictions": false,
  "isPredictionCorrect": true,
  "predictionAccuracyScore": 1
}