{
  "model": "o4-mini-2025-04-16",
  "reasoningLog": "[object Object],[object Object],[object Object],[object Object]",
  "hasReasoningLog": true,
  "temperature": 0.2,
  "reasoningEffort": null,
  "reasoningVerbosity": null,
  "reasoningSummaryType": null,
  "inputTokens": 2021,
  "outputTokens": 26799,
  "reasoningTokens": 26304,
  "totalTokens": 55124,
  "estimatedCost": 0.12013870000000001,
  "status": "completed",
  "incomplete": false,
  "reasoningItems": [
    "We observe each training example: nonzero region forms a rectangle; the outputs correspond to parts of a rotated version of that rectangle.",
    "Most examples match performing a 90° clockwise rotation of the interior block, then cropping off edges filled with zeros, and embedding back.",
    "We compute bounding box for the test case: rows1–4, cols1–4, giving a 4×4 block.",
    "Rotate that 4×4 block clockwise, yielding R=[[4,5,9,5],[5,9,6,7],[5,9,9,6],[5,6,5,6]].",
    "No rows or columns in R are all zeros, so no cropping needed beyond matching training structure.",
    "Embed R into rows1–4,cols1–4 of a zero grid of original size to yield the predicted output."
  ],
  "multiplePredictedOutputs": null,
  "predictedOutput": [
    [
      0,
      0,
      0,
      0,
      0,
      0,
      0
    ],
    [
      0,
      4,
      5,
      9,
      5,
      0,
      0
    ],
    [
      0,
      5,
      9,
      6,
      7,
      0,
      0
    ],
    [
      0,
      5,
      9,
      9,
      6,
      0,
      0
    ],
    [
      0,
      5,
      6,
      5,
      6,
      0,
      0
    ],
    [
      0,
      0,
      0,
      0,
      0,
      0,
      0
    ],
    [
      0,
      0,
      0,
      0,
      0,
      0,
      0
    ]
  ],
  "predictedOutput1": [],
  "predictedOutput2": [],
  "predictedOutput3": [],
  "solvingStrategy": "1. Scan grid to locate bounding box of all nonzero cells (minRow,maxRow,minCol,maxCol).\n2. Extract subgrid I within that box.\n3. Compute R = rotate_clockwise(I).\n4. Trim any full-zero rows/columns from R edges.\n5. Create output of original size, fill the trimmed R back into the original bounding box position, zeros elsewhere.",
  "patternDescription": "Take the rectangular block of numbers, rotate it 90° clockwise, remove any all-zero edge rows/columns, and place it back into the grid.",
  "hints": [
    "- Algorithm: find nonzero bbox -> rotate 90° right -> trim zero rows/cols -> pad zeros to original.",
    "- Description: rotate the shape clockwise then crop blank edges.",
    "- Emojis: 🟦➡️↻✂️"
  ],
  "confidence": 40,
  "apiProcessingTimeMs": 242919,
  "predictedOutputGrid": [
    [
      0,
      0,
      0,
      0,
      0,
      0,
      0
    ],
    [
      0,
      4,
      5,
      9,
      5,
      0,
      0
    ],
    [
      0,
      5,
      9,
      6,
      7,
      0,
      0
    ],
    [
      0,
      5,
      9,
      9,
      6,
      0,
      0
    ],
    [
      0,
      5,
      6,
      5,
      6,
      0,
      0
    ],
    [
      0,
      0,
      0,
      0,
      0,
      0,
      0
    ],
    [
      0,
      0,
      0,
      0,
      0,
      0,
      0
    ]
  ],
  "hasMultiplePredictions": false,
  "isPredictionCorrect": false,
  "predictionAccuracyScore": 0.6
}