{
  "model": "nousresearch/hermes-4-70b",
  "reasoningLog": null,
  "hasReasoningLog": false,
  "temperature": 0.2,
  "reasoningEffort": null,
  "reasoningVerbosity": null,
  "reasoningSummaryType": null,
  "inputTokens": 1652,
  "outputTokens": 384,
  "reasoningTokens": null,
  "totalTokens": 2036,
  "estimatedCost": 0.00025004,
  "reasoningItems": [
    "The transformation involves focusing on the central column of the input grid.",
    "The output grid contains only the values from the middle row of the central column, centered vertically.",
    "The output grid is filled with zeros except for the extracted values in the center."
  ],
  "multiplePredictedOutputs": null,
  "predictedOutput": [
    [
      0,
      0,
      0,
      0,
      0,
      0,
      0
    ],
    [
      0,
      0,
      0,
      0,
      0,
      0,
      0
    ],
    [
      0,
      0,
      0,
      5,
      0,
      0,
      0
    ],
    [
      0,
      0,
      0,
      9,
      0,
      0,
      0
    ],
    [
      0,
      0,
      0,
      0,
      0,
      0,
      0
    ],
    [
      0,
      0,
      0,
      0,
      0,
      0,
      0
    ],
    [
      0,
      0,
      0,
      0,
      0,
      0,
      0
    ]
  ],
  "predictedOutput1": [],
  "predictedOutput2": [],
  "predictedOutput3": [],
  "solvingStrategy": "Identify the central column of the input grid and extract the values from the middle row of that column. Place these values in the center of the output grid, centered vertically.",
  "hints": [
    "Extract the central column from the input grid, then take the middle row of that column and place it in the center of the output grid.",
    "Mathematically, for an input grid of size m x n, the output grid will have the values from row floor(m/2) of column floor(n/2), centered vertically.",
    "🔍 Locate the central column ➡️ 🎯 Extract middle row values ➡️ 📊 Place in center of output grid"
  ],
  "confidence": 100,
  "apiProcessingTimeMs": 6138,
  "predictedOutputGrid": [
    [
      0,
      0,
      0,
      0,
      0,
      0,
      0
    ],
    [
      0,
      0,
      0,
      0,
      0,
      0,
      0
    ],
    [
      0,
      0,
      0,
      5,
      0,
      0,
      0
    ],
    [
      0,
      0,
      0,
      9,
      0,
      0,
      0
    ],
    [
      0,
      0,
      0,
      0,
      0,
      0,
      0
    ],
    [
      0,
      0,
      0,
      0,
      0,
      0,
      0
    ],
    [
      0,
      0,
      0,
      0,
      0,
      0,
      0
    ]
  ],
  "hasMultiplePredictions": false,
  "isPredictionCorrect": false,
  "predictionAccuracyScore": 0
}